Activiteit,HD,HA,Duree,TYPPREST,NBPlace,Alpha1,Decimal1,Alpha2,Decimal2,TYPEinfo,Service,JD,JA
"LIJN","07:03","07:18","00:15",30300,0,0,0," ",0,"PRT","4103",0,0
"LIJN","07:18","07:47","00:29",30301,0,0,0," ",0,"PRT","4103",0,0
"LIJN","07:47","08:27","00:40",20101,0,0,0," ",0,"PRT","4103",0,0
"LIJN","08:27","08:29","00:02",30300,0,0,0," ",0,"PRT","4103",0,0
"LIJN","08:29","09:21","00:52",20101,0,0,0," ",0,"PRT","4103",0,0
"LIJN","09:21","09:36","00:15",30300,0,0,0," ",0,"PRT","4103",0,0
"LIJN","09:36","10:06","00:30",30301,0,0,0," ",0,"PRT","4103",0,0
"LIJN","10:06","10:11","00:05",30302,0,0,0," ",0,"PRT","4103",0,0
"LIJN","10:11","11:02","00:51",20101,0,0,0," ",0,"PRT","4103",0,0
"LIJN","11:02","11:04","00:02",30300,0,0,0," ",0,"PRT","4103",0,0
"LIJN","11:04","11:44","00:40",20101,0,0,0," ",0,"PRT","4103",0,0
"LIJN","11:44","11:59","00:15",30300,0,0,0," ",0,"PRT","4103",0,0
"LIJN","11:59","12:19","00:20",30301,0,0,0," ",0,"PRT","4103",0,0
"LIJN","12:19","12:57","00:38",20101,0,0,0," ",0,"PRT","4103",0,0
"LIJN","12:57","13:11","00:14",20201,0,0,0," ",0,"PRT","4103",0,0
"LIJN","13:11","13:21","00:10",20401,0,0,0," ",0,"PRT","4103",0,0
"LIJN","08:36","08:41","00:05",20301,0,0,0," ",0,"PRT","4104",0,0
"LIJN","08:41","09:11","00:30",20201,0,0,0," ",0,"PRT","4104",0,0
"LIJN","09:11","10:02","00:51",20101,0,0,0," ",0,"PRT","4104",0,0
"LIJN","10:02","10:04","00:02",30300,0,0,0," ",0,"PRT","4104",0,0
"LIJN","10:04","10:44","00:40",20101,0,0,0," ",0,"PRT","4104",0,0
"LIJN","10:44","10:59","00:15",30300,0,0,0," ",0,"PRT","4104",0,0
"LIJN","10:59","11:19","00:20",30301,0,0,0," ",0,"PRT","4104",0,0
"LIJN","11:19","11:57","00:38",20101,0,0,0," ",0,"PRT","4104",0,0
"LIJN","11:57","11:59","00:02",30300,0,0,0," ",0,"PRT","4104",0,0
"LIJN","11:59","12:51","00:52",20101,0,0,0," ",0,"PRT","4104",0,0
"LIJN","12:51","13:06","00:15",30300,0,0,0," ",0,"PRT","4104",0,0
"LIJN","13:06","13:11","00:05",30301,0,0,0," ",0,"PRT","4104",0,0
"LIJN","13:11","14:02","00:51",20101,0,0,0," ",0,"PRT","4104",0,0
"LIJN","14:02","14:04","00:02",30300,0,0,0," ",0,"PRT","4104",0,0
"LIJN","14:04","14:44","00:40",20101,0,0,0," ",0,"PRT","4104",0,0
"LIJN","14:44","14:59","00:15",30300,0,0,0," ",0,"PRT","4104",0,0
"LIJN","14:59","15:16","00:17",30301,0,0,0," ",0,"PRT","4104",0,0
"LIJN","15:16","15:54","00:38",20101,0,0,0," ",0,"PRT","4104",0,0
"LIJN","08:32","08:34","00:02",30300,0,0,0," ",0,"PRT","4101",0,0
"LIJN","08:34","09:14","00:40",20101,0,0,0," ",0,"PRT","4101",0,0
"LIJN","09:14","09:29","00:15",30300,0,0,0," ",0,"PRT","4101",0,0
"LIJN","09:29","09:55","00:26",30301,0,0,0," ",0,"PRT","4101",0,0
"LIJN","09:55","10:33","00:38",20101,0,0,0," ",0,"PRT","4101",0,0
"LIJN","10:33","10:35","00:02",30300,0,0,0," ",0,"PRT","4101",0,0
"LIJN","10:35","11:27","00:52",20101,0,0,0," ",0,"PRT","4101",0,0
"LIJN","11:27","11:57","00:30",20201,0,0,0," ",0,"PRT","4101",0,0
"LIJN","11:57","12:07","00:10",20401,0,0,0," ",0,"PRT","4101",0,0
"LIJN","04:50","04:55","00:05",20301,0,0,0," ",0,"PRT","4102",0,0
"LIJN","04:55","05:00","00:05",20201,0,0,0," ",0,"PRT","4102",0,0
"LIJN","05:00","05:59","00:59",20101,0,0,0," ",0,"PRT","4102",0,0
"LIJN","05:59","06:14","00:15",30300,0,0,0," ",0,"PRT","4102",0,0
"LIJN","06:14","06:22","00:08",30301,0,0,0," ",0,"PRT","4102",0,0
"LIJN","06:22","06:57","00:35",20101,0,0,0," ",0,"PRT","4102",0,0
"LIJN","06:57","06:59","00:02",30300,0,0,0," ",0,"PRT","4102",0,0
"LIJN","06:59","07:51","00:52",20101,0,0,0," ",0,"PRT","4102",0,0
"LIJN","07:51","08:06","00:15",30300,0,0,0," ",0,"PRT","4102",0,0
"LIJN","08:06","08:11","00:05",30301,0,0,0," ",0,"PRT","4102",0,0
"LIJN","08:11","09:02","00:51",20101,0,0,0," ",0,"PRT","4102",0,0
"LIJN","09:02","09:04","00:02",30300,0,0,0," ",0,"PRT","4102",0,0
"LIJN","09:04","09:44","00:40",20101,0,0,0," ",0,"PRT","4102",0,0
"LIJN","09:44","09:59","00:15",30300,0,0,0," ",0,"PRT","4102",0,0
"LIJN","09:59","10:18","00:19",30301,0,0,0," ",0,"PRT","4102",0,0
"LIJN","10:18","10:56","00:38",20101,0,0,0," ",0,"PRT","4102",0,0
"LIJN","10:56","10:58","00:02",30300,0,0,0," ",0,"PRT","4102",0,0
"LIJN","10:58","11:50","00:52",20101,0,0,0," ",0,"PRT","4102",0,0
"LIJN","11:50","12:20","00:30",20201,0,0,0," ",0,"PRT","4102",0,0
"LIJN","12:20","12:30","00:10",20401,0,0,0," ",0,"PRT","4102",0,0
"LIJN","05:06","05:11","00:05",20301,0,0,0," ",0,"PRT","4103",0,0
"LIJN","05:11","05:41","00:30",20201,0,0,0," ",0,"PRT","4103",0,0
"LIJN","05:41","06:25","00:44",20101,0,0,0," ",0,"PRT","4103",0,0
"LIJN","06:25","06:27","00:02",30300,0,0,0," ",0,"PRT","4103",0,0
"LIJN","06:27","07:03","00:36",20101,0,0,0," ",0,"PRT","4103",0,0
"LIJN","15:54","15:56","00:02",30300,0,0,0," ",0,"PRT","4104",0,0
"LIJN","15:56","16:51","00:55",20101,0,0,0," ",0,"PRT","4104",0,0
"LIJN","16:51","17:21","00:30",20201,0,0,0," ",0,"PRT","4104",0,0
"LIJN","17:21","17:31","00:10",20401,0,0,0," ",0,"PRT","4104",0,0
"LIJN","11:36","11:41","00:05",20301,0,0,0," ",0,"PRT","4105",0,0
"LIJN","11:41","12:11","00:30",20201,0,0,0," ",0,"PRT","4105",0,0
"LIJN","12:11","13:02","00:51",20101,0,0,0," ",0,"PRT","4105",0,0
"LIJN","13:02","13:04","00:02",30300,0,0,0," ",0,"PRT","4105",0,0
"LIJN","13:04","13:44","00:40",20101,0,0,0," ",0,"PRT","4105",0,0
"LIJN","13:44","13:59","00:15",30300,0,0,0," ",0,"PRT","4105",0,0
"LIJN","13:59","14:18","00:19",30301,0,0,0," ",0,"PRT","4105",0,0
"LIJN","14:18","14:56","00:38",20101,0,0,0," ",0,"PRT","4105",0,0
"LIJN","14:56","14:58","00:02",30300,0,0,0," ",0,"PRT","4105",0,0
"LIJN","14:58","15:51","00:53",20101,0,0,0," ",0,"PRT","4105",0,0
"LIJN","15:51","16:06","00:15",30300,0,0,0," ",0,"PRT","4105",0,0
"LIJN","16:06","16:11","00:05",30301,0,0,0," ",0,"PRT","4105",0,0
"LIJN","16:11","17:05","00:54",20101,0,0,0," ",0,"PRT","4105",0,0
"LIJN","17:05","17:07","00:02",30300,0,0,0," ",0,"PRT","4105",0,0
"LIJN","17:07","17:47","00:40",20101,0,0,0," ",0,"PRT","4105",0,0
"LIJN","17:47","18:02","00:15",30300,0,0,0," ",0,"PRT","4105",0,0
"LIJN","18:02","18:17","00:15",30301,0,0,0," ",0,"PRT","4105",0,0
"LIJN","18:17","18:57","00:40",20101,0,0,0," ",0,"PRT","4105",0,0
"LIJN","18:57","18:59","00:02",30300,0,0,0," ",0,"PRT","4105",0,0
"LIJN","18:59","19:46","00:47",20101,0,0,0," ",0,"PRT","4105",0,0
"LIJN","19:46","20:16","00:30",20201,0,0,0," ",0,"PRT","4105",0,0
"LIJN","20:16","20:26","00:10",20401,0,0,0," ",0,"PRT","4105",0,0
"LIJN","12:07","12:12","00:05",20301,0,0,0," ",0,"PRT","4106",0,0
"LIJN","12:12","12:42","00:30",20201,0,0,0," ",0,"PRT","4106",0,0
"LIJN","12:42","13:33","00:51",20101,0,0,0," ",0,"PRT","4106",0,0
"LIJN","13:33","13:35","00:02",30300,0,0,0," ",0,"PRT","4106",0,0
"LIJN","13:35","14:15","00:40",20101,0,0,0," ",0,"PRT","4106",0,0
"LIJN","14:15","14:30","00:15",30300,0,0,0," ",0,"PRT","4106",0,0
"LIJN","14:30","14:48","00:18",30301,0,0,0," ",0,"PRT","4106",0,0
"LIJN","14:48","15:26","00:38",20101,0,0,0," ",0,"PRT","4106",0,0
"LIJN","15:26","15:28","00:02",30300,0,0,0," ",0,"PRT","4106",0,0
"LIJN","15:28","16:22","00:54",20101,0,0,0," ",0,"PRT","4106",0,0
"LIJN","16:22","16:37","00:15",30300,0,0,0," ",0,"PRT","4106",0,0
"LIJN","16:37","16:41","00:04",30301,0,0,0," ",0,"PRT","4106",0,0
"LIJN","16:41","17:35","00:54",20101,0,0,0," ",0,"PRT","4106",0,0
"LIJN","17:35","17:49","00:14",20201,0,0,0," ",0,"PRT","4106",0,0
"LIJN","17:49","17:59","00:10",20401,0,0,0," ",0,"PRT","4106",0,0
"LIJN","12:34","12:39","00:05",20301,0,0,0," ",0,"PRT","4107",0,0
"LIJN","12:39","13:20","00:41",20201,0,0,0," ",0,"PRT","4107",0,0
"LIJN","13:20","13:58","00:38",20101,0,0,0," ",0,"PRT","4107",0,0
"LIJN","13:58","14:00","00:02",30300,0,0,0," ",0,"PRT","4107",0,0
"LIJN","14:00","14:52","00:52",20101,0,0,0," ",0,"PRT","4107",0,0
"LIJN","14:52","15:07","00:15",30300,0,0,0," ",0,"PRT","4107",0,0
"LIJN","15:07","15:12","00:05",30301,0,0,0," ",0,"PRT","4107",0,0
"LIJN","15:12","16:03","00:51",20101,0,0,0," ",0,"PRT","4107",0,0
"LIJN","16:03","16:05","00:02",30300,0,0,0," ",0,"PRT","4107",0,0
"LIJN","16:05","16:45","00:40",20101,0,0,0," ",0,"PRT","4107",0,0
"LIJN","16:45","16:56","00:11",20201,0,0,0," ",0,"PRT","4107",0,0
"LIJN","16:56","17:11","00:15",30300,0,0,0," ",0,"PRT","4107",0,0
"LIJN","17:11","17:38","00:27",30301,0,0,0," ",0,"PRT","4107",0,0
"LIJN","17:38","18:30","00:52",20101,0,0,0," ",0,"PRT","4107",0,0
"LIJN","18:30","18:32","00:02",30300,0,0,0," ",0,"PRT","4107",0,0
"LIJN","18:32","19:21","00:49",20101,0,0,0," ",0,"PRT","4107",0,0
"LIJN","19:21","19:51","00:30",20201,0,0,0," ",0,"PRT","4107",0,0
"LIJN","19:51","20:01","00:10",20401,0,0,0," ",0,"PRT","4107",0,0
"LIJN","12:40","12:45","00:05",20301,0,0,0," ",0,"PRT","4108",0,0
"LIJN","12:45","12:59","00:14",20201,0,0,0," ",0,"PRT","4108",0,0
"LIJN","12:59","13:51","00:52",20101,0,0,0," ",0,"PRT","4108",0,0
"LIJN","13:51","14:06","00:15",30300,0,0,0," ",0,"PRT","4108",0,0
"LIJN","14:06","14:11","00:05",30301,0,0,0," ",0,"PRT","4108",0,0
"LIJN","14:11","15:02","00:51",20101,0,0,0," ",0,"PRT","4108",0,0
"LIJN","15:02","15:04","00:02",30300,0,0,0," ",0,"PRT","4108",0,0
"LIJN","15:04","15:44","00:40",20101,0,0,0," ",0,"PRT","4108",0,0
"LIJN","15:44","15:55","00:11",20201,0,0,0," ",0,"PRT","4108",0,0
"LIJN","15:55","16:10","00:15",30300,0,0,0," ",0,"PRT","4108",0,0
"LIJN","16:10","16:30","00:20",30301,0,0,0," ",0,"PRT","4108",0,0
"LIJN","16:30","16:41","00:11",20101,0,0,0," ",0,"PRT","4108",0,0
"LIJN","16:41","16:50","00:09",20201,0,0,0," ",0,"PRT","4108",0,0
"LIJN","16:50","17:04","00:14",30300,0,0,0," ",0,"PRT","4108",0,0
"LIJN","17:04","17:56","00:52",20101,0,0,0," ",0,"PRT","4108",0,0
"LIJN","17:56","17:58","00:02",30300,0,0,0," ",0,"PRT","4108",0,0
"LIJN","17:58","18:52","00:54",20101,0,0,0," ",0,"PRT","4108",0,0
"LIJN","18:52","19:22","00:30",20201,0,0,0," ",0,"PRT","4108",0,0
"LIJN","19:22","19:32","00:10",20401,0,0,0," ",0,"PRT","4108",0,0
"LIJN","13:06","13:11","00:05",20301,0,0,0," ",0,"PRT","4109",0,0
"LIJN","13:11","13:41","00:30",20201,0,0,0," ",0,"PRT","4109",0,0
"LIJN","13:41","14:32","00:51",20101,0,0,0," ",0,"PRT","4109",0,0
"LIJN","14:32","14:34","00:02",30300,0,0,0," ",0,"PRT","4109",0,0
"LIJN","14:34","15:14","00:40",20101,0,0,0," ",0,"PRT","4109",0,0
"LIJN","15:14","15:29","00:15",30300,0,0,0," ",0,"PRT","4109",0,0
"LIJN","15:29","15:44","00:15",30301,0,0,0," ",0,"PRT","4109",0,0
"LIJN","15:44","16:24","00:40",20101,0,0,0," ",0,"PRT","4109",0,0
"LIJN","16:24","16:26","00:02",30300,0,0,0," ",0,"PRT","4109",0,0
"LIJN","16:26","17:21","00:55",20101,0,0,0," ",0,"PRT","4109",0,0
"LIJN","17:21","17:36","00:15",30300,0,0,0," ",0,"PRT","4109",0,0
"LIJN","17:36","17:39","00:03",30301,0,0,0," ",0,"PRT","4109",0,0
"LIJN","17:39","18:33","00:54",20101,0,0,0," ",0,"PRT","4109",0,0
"LIJN","18:33","18:35","00:02",30300,0,0,0," ",0,"PRT","4109",0,0
"LIJN","18:35","19:14","00:39",20101,0,0,0," ",0,"PRT","4109",0,0
"LIJN","19:14","19:29","00:15",30300,0,0,0," ",0,"PRT","4109",0,0
"LIJN","19:29","19:54","00:25",30301,0,0,0," ",0,"PRT","4109",0,0
"LIJN","19:54","20:53","00:59",20101,0,0,0," ",0,"PRT","4109",0,0
"LIJN","20:53","20:55","00:02",20201,0,0,0," ",0,"PRT","4109",0,0
"LIJN","20:55","21:05","00:10",20401,0,0,0," ",0,"PRT","4109",0,0
"LIJN","16:32","16:37","00:05",20301,0,0,0," ",0,"PRT","4110",0,0
"LIJN","16:37","17:07","00:30",20201,0,0,0," ",0,"PRT","4110",0,0
"LIJN","17:07","18:01","00:54",20101,0,0,0," ",0,"PRT","4110",0,0
"LIJN","18:01","18:03","00:02",30300,0,0,0," ",0,"PRT","4110",0,0
"LIJN","18:03","18:43","00:40",20101,0,0,0," ",0,"PRT","4110",0,0
"LIJN","18:43","18:58","00:15",30300,0,0,0," ",0,"PRT","4110",0,0
"LIJN","18:58","19:18","00:20",30301,0,0,0," ",0,"PRT","4110",0,0
"LIJN","19:18","19:53","00:35",20101,0,0,0," ",0,"PRT","4110",0,0
"LIJN","19:53","19:55","00:02",30300,0,0,0," ",0,"PRT","4110",0,0
"LIJN","19:55","20:42","00:47",20101,0,0,0," ",0,"PRT","4110",0,0
"LIJN","20:42","20:57","00:15",30300,0,0,0," ",0,"PRT","4110",0,0
"LIJN","20:57","21:27","00:30",30301,0,0,0," ",0,"PRT","4110",0,0
"LIJN","21:27","21:42","00:15",30302,0,0,0," ",0,"PRT","4110",0,0
"LIJN","21:42","22:26","00:44",20101,0,0,0," ",0,"PRT","4110",0,0
"LIJN","22:26","22:28","00:02",30300,0,0,0," ",0,"PRT","4110",0,0
"LIJN","22:28","23:04","00:36",20101,0,0,0," ",0,"PRT","4110",0,0
"LIJN","23:04","23:19","00:15",30300,0,0,0," ",0,"PRT","4110",0,0
"LIJN","23:19","23:49","00:30",30301,0,0,0," ",0,"PRT","4110",0,0
"LIJN","23:49","00:18","00:29",30302,0,0,0," ",0,"PRT","4110",0,0
"LIJN","00:18","01:17","00:59",20101,0,0,0," ",0,"PRT","4110",1,1
"LIJN","01:17","01:19","00:02",20201,0,0,0," ",0,"PRT","4110",1,1
"LIJN","01:19","01:29","00:10",20401,0,0,0," ",0,"PRT","4110",1,1
"LIJN","17:18","17:23","00:05",20301,0,0,0," ",0,"PRT","4111",0,0
"LIJN","17:23","17:37","00:14",20201,0,0,0," ",0,"PRT","4111",0,0
"LIJN","17:37","18:17","00:40",20101,0,0,0," ",0,"PRT","4111",0,0
"LIJN","18:17","18:32","00:15",30300,0,0,0," ",0,"PRT","4111",0,0
"LIJN","18:32","18:57","00:25",30301,0,0,0," ",0,"PRT","4111",0,0
"LIJN","18:57","19:56","00:59",20101,0,0,0," ",0,"PRT","4111",0,0
"LIJN","19:56","20:22","00:26",20201,0,0,0," ",0,"PRT","4111",0,0
"LIJN","20:22","20:37","00:15",30300,0,0,0," ",0,"PRT","4111",0,0
"LIJN","20:37","20:42","00:05",30301,0,0,0," ",0,"PRT","4111",0,0
"LIJN","20:42","21:26","00:44",20101,0,0,0," ",0,"PRT","4111",0,0
"LIJN","21:26","21:28","00:02",30300,0,0,0," ",0,"PRT","4111",0,0
"LIJN","21:28","22:04","00:36",20101,0,0,0," ",0,"PRT","4111",0,0
"LIJN","22:04","22:19","00:15",30300,0,0,0," ",0,"PRT","4111",0,0
"LIJN","22:19","22:49","00:30",30301,0,0,0," ",0,"PRT","4111",0,0
"LIJN","22:49","23:18","00:29",30302,0,0,0," ",0,"PRT","4111",0,0
"LIJN","23:18","00:17","00:59",20101,0,0,0," ",0,"PRT","4111",0,1
"LIJN","00:17","00:19","00:02",20201,0,0,0," ",0,"PRT","4111",1,1
"LIJN","00:19","00:29","00:10",20401,0,0,0," ",0,"PRT","4111",1,1
"LIJN","18:36","18:41","00:05",20301,0,0,0," ",0,"PRT","4112",0,0
"LIJN","18:41","19:11","00:30",20201,0,0,0," ",0,"PRT","4112",0,0
"LIJN","19:11","19:57","00:46",20101,0,0,0," ",0,"PRT","4112",0,0
"LIJN","19:57","19:59","00:02",30300,0,0,0," ",0,"PRT","4112",0,0
"LIJN","19:59","20:36","00:37",20101,0,0,0," ",0,"PRT","4112",0,0
"LIJN","20:36","20:51","00:15",30300,0,0,0," ",0,"PRT","4112",0,0
"LIJN","20:51","21:18","00:27",30301,0,0,0," ",0,"PRT","4112",0,0
"LIJN","21:18","21:53","00:35",20101,0,0,0," ",0,"PRT","4112",0,0
"LIJN","21:53","21:55","00:02",30300,0,0,0," ",0,"PRT","4112",0,0
"LIJN","21:55","22:42","00:47",20101,0,0,0," ",0,"PRT","4112",0,0
"LIJN","22:42","22:47","00:05",30300,0,0,0," ",0,"PRT","4112",0,0
"LIJN","22:47","23:31","00:44",20101,0,0,0," ",0,"PRT","4112",0,0
"LIJN","23:31","23:45","00:14",20201,0,0,0," ",0,"PRT","4112",0,0
"LIJN","23:45","23:55","00:10",20401,0,0,0," ",0,"PRT","4112",0,0
"LIJN","08:04","08:09","00:05",20301,0,0,0," ",0,"PRT","4406",0,0
"LIJN","08:09","08:37","00:28",20201,0,0,0," ",0,"PRT","4406",0,0
"LIJN","08:37","09:08","00:31",20101,0,0,0," ",0,"PRT","4406",0,0
"LIJN","09:08","09:22","00:14",20201,0,0,0," ",0,"PRT","4406",0,0
"LIJN","09:22","11:57","02:35",30201,0,0,1," ",0,"PRT","4406",0,0
"LIJN","11:57","12:12","00:15",20112,0,0,0," ",0,"PRT","4406",0,0
"LIJN","12:12","12:42","00:30",20201,0,0,0," ",0,"PRT","4406",0,0
"LIJN","12:42","13:33","00:51",20101,0,0,0," ",0,"PRT","4406",0,0
"LIJN","13:33","13:35","00:02",30300,0,0,0," ",0,"PRT","4406",0,0
"LIJN","13:35","14:15","00:40",20101,0,0,0," ",0,"PRT","4406",0,0
"LIJN","14:15","14:30","00:15",30300,0,0,0," ",0,"PRT","4406",0,0
"LIJN","14:30","14:48","00:18",30301,0,0,0," ",0,"PRT","4406",0,0
"LIJN","14:48","15:26","00:38",20101,0,0,0," ",0,"PRT","4406",0,0
"LIJN","15:26","15:28","00:02",30300,0,0,0," ",0,"PRT","4406",0,0
"LIJN","15:28","16:22","00:54",20101,0,0,0," ",0,"PRT","4406",0,0
"LIJN","16:22","16:37","00:15",30300,0,0,0," ",0,"PRT","4406",0,0
"LIJN","16:37","16:41","00:04",30301,0,0,0," ",0,"PRT","4406",0,0
"LIJN","16:41","17:35","00:54",20101,0,0,0," ",0,"PRT","4406",0,0
"LIJN","17:35","17:49","00:14",20201,0,0,0," ",0,"PRT","4406",0,0
"LIJN","17:49","17:59","00:10",20401,0,0,0," ",0,"PRT","4406",0,0
"LIJN","11:11","11:16","00:05",20301,0,0,0," ",0,"PRT","4407",0,0
"LIJN","11:16","11:30","00:14",20201,0,0,0," ",0,"PRT","4407",0,0
"LIJN","11:30","11:58","00:28",20101,0,0,0," ",0,"PRT","4407",0,0
"LIJN","11:58","12:52","00:54",20201,0,0,0," ",0,"PRT","4407",0,0
"LIJN","12:52","13:07","00:15",30300,0,0,0," ",0,"PRT","4407",0,0
"LIJN","13:07","13:20","00:13",30301,0,0,0," ",0,"PRT","4407",0,0
"LIJN","13:20","13:58","00:38",20101,0,0,0," ",0,"PRT","4407",0,0
"LIJN","13:58","14:00","00:02",30300,0,0,0," ",0,"PRT","4407",0,0
"LIJN","14:00","14:52","00:52",20101,0,0,0," ",0,"PRT","4407",0,0
"LIJN","14:52","15:07","00:15",30300,0,0,0," ",0,"PRT","4407",0,0
"LIJN","15:07","15:12","00:05",30301,0,0,0," ",0,"PRT","4407",0,0
"LIJN","15:12","16:03","00:51",20101,0,0,0," ",0,"PRT","4407",0,0
"LIJN","16:03","16:05","00:02",30300,0,0,0," ",0,"PRT","4407",0,0
"LIJN","16:05","16:45","00:40",20101,0,0,0," ",0,"PRT","4407",0,0
"LIJN","16:45","16:56","00:11",20201,0,0,0," ",0,"PRT","4407",0,0
"LIJN","16:56","17:11","00:15",30300,0,0,0," ",0,"PRT","4407",0,0
"LIJN","17:11","17:38","00:27",30301,0,0,0," ",0,"PRT","4407",0,0
"LIJN","17:38","18:30","00:52",20101,0,0,0," ",0,"PRT","4407",0,0
"LIJN","18:30","18:32","00:02",30300,0,0,0," ",0,"PRT","4407",0,0
"LIJN","18:32","19:21","00:49",20101,0,0,0," ",0,"PRT","4407",0,0
"LIJN","19:21","19:51","00:30",20201,0,0,0," ",0,"PRT","4407",0,0
"LIJN","19:51","20:01","00:10",20401,0,0,0," ",0,"PRT","4407",0,0
"LIJN","17:18","17:23","00:05",20301,0,0,0," ",0,"PRT","4511",0,0
"LIJN","17:23","17:37","00:14",20201,0,0,0," ",0,"PRT","4511",0,0
"LIJN","17:37","18:17","00:40",20101,0,0,0," ",0,"PRT","4511",0,0
"LIJN","18:17","18:32","00:15",30300,0,0,0," ",0,"PRT","4511",0,0
"LIJN","18:32","18:57","00:25",30301,0,0,0," ",0,"PRT","4511",0,0
"LIJN","18:57","19:56","00:59",20101,0,0,0," ",0,"PRT","4511",0,0
"LIJN","19:56","20:22","00:26",20201,0,0,0," ",0,"PRT","4511",0,0
"LIJN","20:22","20:37","00:15",30300,0,0,0," ",0,"PRT","4511",0,0
"LIJN","20:37","20:42","00:05",30301,0,0,0," ",0,"PRT","4511",0,0
"LIJN","20:42","21:26","00:44",20101,0,0,0," ",0,"PRT","4511",0,0
"LIJN","21:26","21:28","00:02",30300,0,0,0," ",0,"PRT","4511",0,0
"LIJN","21:28","22:04","00:36",20101,0,0,0," ",0,"PRT","4511",0,0
"LIJN","22:04","22:19","00:15",30300,0,0,0," ",0,"PRT","4511",0,0
"LIJN","22:19","22:49","00:30",30301,0,0,0," ",0,"PRT","4511",0,0
"LIJN","22:49","23:18","00:29",30302,0,0,0," ",0,"PRT","4511",0,0
"LIJN","23:18","00:17","00:59",20101,0,0,0," ",0,"PRT","4511",0,1
"LIJN","00:17","01:02","00:45",20201,0,0,0," ",0,"PRT","4511",1,1
"LIJN","01:02","01:17","00:15",30300,0,0,0," ",0,"PRT","4511",1,1
"LIJN","01:17","01:18","00:01",30301,0,0,0," ",0,"PRT","4511",1,1
"LIJN","01:18","02:17","00:59",20101,0,0,0," ",0,"PRT","4511",1,1
"LIJN","02:17","02:19","00:02",20201,0,0,0," ",0,"PRT","4511",1,1
"LIJN","02:19","02:29","00:10",20401,0,0,0," ",0,"PRT","4511",1,1
"LIJN","18:36","18:41","00:05",20301,0,0,0," ",0,"PRT","4512",0,0
"LIJN","18:41","19:11","00:30",20201,0,0,0," ",0,"PRT","4512",0,0
"LIJN","19:11","19:57","00:46",20101,0,0,0," ",0,"PRT","4512",0,0
"LIJN","19:57","19:59","00:02",30300,0,0,0," ",0,"PRT","4512",0,0
"LIJN","19:59","20:36","00:37",20101,0,0,0," ",0,"PRT","4512",0,0
"LIJN","20:36","20:51","00:15",30300,0,0,0," ",0,"PRT","4512",0,0
"LIJN","20:51","21:18","00:27",30301,0,0,0," ",0,"PRT","4512",0,0
"LIJN","21:18","21:53","00:35",20101,0,0,0," ",0,"PRT","4512",0,0
"LIJN","21:53","21:55","00:02",30300,0,0,0," ",0,"PRT","4512",0,0
"LIJN","21:55","22:42","00:47",20101,0,0,0," ",0,"PRT","4512",0,0
"LIJN","22:42","22:47","00:05",30300,0,0,0," ",0,"PRT","4512",0,0
"LIJN","22:47","23:31","00:44",20101,0,0,0," ",0,"PRT","4512",0,0
"LIJN","23:31","00:11","00:40",20201,0,0,0," ",0,"PRT","4512",0,1
"LIJN","00:11","00:26","00:15",30300,0,0,0," ",0,"PRT","4512",1,1
"LIJN","00:26","00:42","00:16",30301,0,0,0," ",0,"PRT","4512",1,1
"LIJN","00:42","01:07","00:25",20101,0,0,0," ",0,"PRT","4512",1,1
"LIJN","01:07","01:13","00:06",30300,0,0,0," ",0,"PRT","4512",1,1
"LIJN","01:13","01:40","00:27",20101,0,0,0," ",0,"PRT","4512",1,1
"LIJN","01:40","02:10","00:30",20201,0,0,0," ",0,"PRT","4512",1,1
"LIJN","02:10","02:20","00:10",20401,0,0,0," ",0,"PRT","4512",1,1
"LIJN","04:31","04:36","00:05",20301,0,0,0," ",0,"PRT","2101",0,0
"LIJN","04:36","04:41","00:05",20201,0,0,0," ",0,"PRT","2101",0,0
"LIJN","04:41","05:39","00:58",20101,0,0,0," ",0,"PRT","2101",0,0
"LIJN","05:39","05:53","00:14",30300,0,0,0," ",0,"PRT","2101",0,0
"LIJN","05:53","06:28","00:35",20101,0,0,0," ",0,"PRT","2101",0,0
"LIJN","06:28","06:30","00:02",30300,0,0,0," ",0,"PRT","2101",0,0
"LIJN","06:30","07:22","00:52",20101,0,0,0," ",0,"PRT","2101",0,0
"LIJN","07:22","07:52","00:30",20201,0,0,0," ",0,"PRT","2101",0,0
"LIJN","07:52","13:24","05:32",30201,0,0,1," ",0,"PRT","2101",0,0
"LIJN","13:24","13:39","00:15",20112,0,0,0," ",0,"PRT","2101",0,0
"LIJN","13:39","14:09","00:30",20201,0,0,0," ",0,"PRT","2101",0,0
"LIJN","14:09","15:02","00:53",20101,0,0,0," ",0,"PRT","2101",0,0
"LIJN","15:02","15:04","00:02",30300,0,0,0," ",0,"PRT","2101",0,0
"LIJN","15:04","15:44","00:40",20101,0,0,0," ",0,"PRT","2101",0,0
"LIJN","15:44","16:05","00:21",20201,0,0,0," ",0,"PRT","2101",0,0
"LIJN","16:05","16:20","00:15",30300,0,0,0," ",0,"PRT","2101",0,0
"LIJN","16:20","17:04","00:44",20101,0,0,0," ",0,"PRT","2101",0,0
"LIJN","17:04","17:29","00:25",20201,0,0,0," ",0,"PRT","2101",0,0
"LIJN","17:29","17:39","00:10",20401,0,0,0," ",0,"PRT","2101",0,0
"LIJN","05:01","05:06","00:05",20301,0,0,0," ",0,"PRT","2102",0,0
"LIJN","05:06","05:11","00:05",20201,0,0,0," ",0,"PRT","2102",0,0
"LIJN","05:11","06:09","00:58",20101,0,0,0," ",0,"PRT","2102",0,0
"LIJN","06:09","06:20","00:11",30300,0,0,0," ",0,"PRT","2102",0,0
"LIJN","06:20","06:56","00:36",20101,0,0,0," ",0,"PRT","2102",0,0
"LIJN","06:56","06:58","00:02",30300,0,0,0," ",0,"PRT","2102",0,0
"LIJN","06:58","07:57","00:59",20101,0,0,0," ",0,"PRT","2102",0,0
"LIJN","07:57","08:27","00:30",20201,0,0,0," ",0,"PRT","2102",0,0
"LIJN","08:27","15:51","07:24",30201,0,0,1," ",0,"PRT","2102",0,0
"LIJN","15:51","16:06","00:15",20112,0,0,0," ",0,"PRT","2102",0,0
"LIJN","16:06","16:36","00:30",20201,0,0,0," ",0,"PRT","2102",0,0
"LIJN","16:36","17:38","01:02",20101,0,0,0," ",0,"PRT","2102",0,0
"LIJN","17:38","17:40","00:02",30300,0,0,0," ",0,"PRT","2102",0,0
"LIJN","17:40","18:23","00:43",20101,0,0,0," ",0,"PRT","2102",0,0
"LIJN","18:23","18:38","00:15",30300,0,0,0," ",0,"PRT","2102",0,0
"LIJN","18:38","18:54","00:16",30301,0,0,0," ",0,"PRT","2102",0,0
"LIJN","18:54","19:54","01:00",20101,0,0,0," ",0,"PRT","2102",0,0
"LIJN","19:54","19:56","00:02",20201,0,0,0," ",0,"PRT","2102",0,0
"LIJN","19:56","20:06","00:10",20401,0,0,0," ",0,"PRT","2102",0,0
"LIJN","05:03","05:08","00:05",20301,0,0,0," ",0,"PRT","2103",0,0
"LIJN","05:08","05:38","00:30",20201,0,0,0," ",0,"PRT","2103",0,0
"LIJN","05:38","06:24","00:46",20101,0,0,0," ",0,"PRT","2103",0,0
"LIJN","06:24","06:26","00:02",30300,0,0,0," ",0,"PRT","2103",0,0
"LIJN","06:26","07:05","00:39",20101,0,0,0," ",0,"PRT","2103",0,0
"LIJN","07:05","07:14","00:09",30300,0,0,0," ",0,"PRT","2103",0,0
"LIJN","07:14","07:57","00:43",20101,0,0,0," ",0,"PRT","2103",0,0
"LIJN","07:57","07:59","00:02",30300,0,0,0," ",0,"PRT","2103",0,0
"LIJN","07:59","09:00","01:01",20101,0,0,0," ",0,"PRT","2103",0,0
"LIJN","09:00","09:15","00:15",30300,0,0,0," ",0,"PRT","2103",0,0
"LIJN","09:15","09:41","00:26",30301,0,0,0," ",0,"PRT","2103",0,0
"LIJN","09:41","10:34","00:53",20101,0,0,0," ",0,"PRT","2103",0,0
"LIJN","10:34","10:36","00:02",30300,0,0,0," ",0,"PRT","2103",0,0
"LIJN","10:36","11:16","00:40",20101,0,0,0," ",0,"PRT","2103",0,0
"LIJN","11:16","11:31","00:15",30300,0,0,0," ",0,"PRT","2103",0,0
"LIJN","11:31","11:48","00:17",30301,0,0,0," ",0,"PRT","2103",0,0
"LIJN","11:48","12:28","00:40",20101,0,0,0," ",0,"PRT","2103",0,0
"LIJN","12:28","12:30","00:02",30300,0,0,0," ",0,"PRT","2103",0,0
"LIJN","12:30","13:24","00:54",20101,0,0,0," ",0,"PRT","2103",0,0
"LIJN","13:24","13:54","00:30",20201,0,0,0," ",0,"PRT","2103",0,0
"LIJN","13:54","14:04","00:10",20401,0,0,0," ",0,"PRT","2103",0,0
"LIJN","05:54","05:59","00:05",20301,0,0,0," ",0,"PRT","2104",0,0
"LIJN","05:59","06:40","00:41",20201,0,0,0," ",0,"PRT","2104",0,0
"LIJN","06:40","07:12","00:32",20101,0,0,0," ",0,"PRT","2104",0,0
"LIJN","07:12","07:18","00:06",20201,0,0,0," ",0,"PRT","2104",0,0
"LIJN","07:18","07:33","00:15",30300,0,0,0," ",0,"PRT","2104",0,0
"LIJN","07:33","08:07","00:34",20101,0,0,0," ",0,"PRT","2104",0,0
"LIJN","08:07","08:42","00:35",20201,0,0,0," ",0,"PRT","2104",0,0
"LIJN","08:42","14:50","06:08",30201,0,0,1," ",0,"PRT","2104",0,0
"LIJN","14:50","15:05","00:15",20112,0,0,0," ",0,"PRT","2104",0,0
"LIJN","15:05","15:25","00:20",20201,0,0,0," ",0,"PRT","2104",0,0
"LIJN","15:25","16:01","00:36",20101,0,0,0," ",0,"PRT","2104",0,0
"LIJN","16:01","16:16","00:15",30300,0,0,0," ",0,"PRT","2104",0,0
"LIJN","16:16","16:39","00:23",30301,0,0,0," ",0,"PRT","2104",0,0
"LIJN","16:39","17:15","00:36",20101,0,0,0," ",0,"PRT","2104",0,0
"LIJN","17:15","17:25","00:10",30300,0,0,0," ",0,"PRT","2104",0,0
"LIJN","17:25","18:01","00:36",20101,0,0,0," ",0,"PRT","2104",0,0
"LIJN","18:01","18:16","00:15",30300,0,0,0," ",0,"PRT","2104",0,0
"LIJN","18:16","18:41","00:25",30301,0,0,0," ",0,"PRT","2104",0,0
"LIJN","18:41","19:15","00:34",20101,0,0,0," ",0,"PRT","2104",0,0
"LIJN","19:15","19:35","00:20",20201,0,0,0," ",0,"PRT","2104",0,0
"LIJN","19:35","19:45","00:10",20401,0,0,0," ",0,"PRT","2104",0,0
"LIJN","05:56","06:01","00:05",20301,0,0,0," ",0,"PRT","2105",0,0
"LIJN","06:01","06:42","00:41",20201,0,0,0," ",0,"PRT","2105",0,0
"LIJN","06:42","07:18","00:36",20101,0,0,0," ",0,"PRT","2105",0,0
"LIJN","07:18","07:20","00:02",30300,0,0,0," ",0,"PRT","2105",0,0
"LIJN","07:20","08:23","01:03",20101,0,0,0," ",0,"PRT","2105",0,0
"LIJN","08:23","08:53","00:30",20201,0,0,0," ",0,"PRT","2105",0,0
"LIJN","08:53","15:21","06:28",30201,0,0,1," ",0,"PRT","2105",0,0
"LIJN","15:21","15:36","00:15",20112,0,0,0," ",0,"PRT","2105",0,0
"LIJN","15:36","16:24","00:48",20201,0,0,0," ",0,"PRT","2105",0,0
"LIJN","16:24","17:23","00:59",20101,0,0,0," ",0,"PRT","2105",0,0
"LIJN","17:23","17:25","00:02",30300,0,0,0," ",0,"PRT","2105",0,0
"LIJN","17:25","18:24","00:59",20101,0,0,0," ",0,"PRT","2105",0,0
"LIJN","18:24","18:54","00:30",20201,0,0,0," ",0,"PRT","2105",0,0
"LIJN","18:54","19:04","00:10",20401,0,0,0," ",0,"PRT","2105",0,0
"LIJN","06:23","06:28","00:05",20301,0,0,0," ",0,"PRT","2106",0,0
"LIJN","06:28","06:31","00:03",20201,0,0,0," ",0,"PRT","2106",0,0
"LIJN","06:31","07:00","00:29",20101,0,0,0," ",0,"PRT","2106",0,0
"LIJN","07:00","07:05","00:05",30300,0,0,0," ",0,"PRT","2106",0,0
"LIJN","07:05","08:01","00:56",20101,0,0,0," ",0,"PRT","2106",0,0
"LIJN","08:01","08:03","00:02",30300,0,0,0," ",0,"PRT","2106",0,0
"LIJN","08:03","09:05","01:02",20101,0,0,0," ",0,"PRT","2106",0,0
"LIJN","09:05","09:16","00:11",20201,0,0,0," ",0,"PRT","2106",0,0
"LIJN","09:16","09:31","00:15",30300,0,0,0," ",0,"PRT","2106",0,0
"LIJN","09:31","10:01","00:30",30301,0,0,0," ",0,"PRT","2106",0,0
"LIJN","10:01","10:18","00:17",30302,0,0,0," ",0,"PRT","2106",0,0
"LIJN","10:18","10:58","00:40",20101,0,0,0," ",0,"PRT","2106",0,0
"LIJN","10:58","11:00","00:02",30300,0,0,0," ",0,"PRT","2106",0,0
"LIJN","11:00","11:54","00:54",20101,0,0,0," ",0,"PRT","2106",0,0
"LIJN","11:54","12:24","00:30",20201,0,0,0," ",0,"PRT","2106",0,0
"LIJN","12:24","12:34","00:10",20401,0,0,0," ",0,"PRT","2106",0,0
"LIJN","06:29","06:34","00:05",20301,0,0,0," ",0,"PRT","2107",0,0
"LIJN","06:34","06:48","00:14",20201,0,0,0," ",0,"PRT","2107",0,0
"LIJN","06:48","07:44","00:56",20101,0,0,0," ",0,"PRT","2107",0,0
"LIJN","07:44","08:14","00:30",20201,0,0,0," ",0,"PRT","2107",0,0
"LIJN","08:14","10:54","02:40",30201,0,0,1," ",0,"PRT","2107",0,0
"LIJN","10:54","11:09","00:15",20112,0,0,0," ",0,"PRT","2107",0,0
"LIJN","11:09","11:39","00:30",20201,0,0,0," ",0,"PRT","2107",0,0
"LIJN","11:39","12:32","00:53",20101,0,0,0," ",0,"PRT","2107",0,0
"LIJN","12:32","12:34","00:02",30300,0,0,0," ",0,"PRT","2107",0,0
"LIJN","12:34","13:14","00:40",20101,0,0,0," ",0,"PRT","2107",0,0
"LIJN","13:14","13:29","00:15",30300,0,0,0," ",0,"PRT","2107",0,0
"LIJN","13:29","13:48","00:19",30301,0,0,0," ",0,"PRT","2107",0,0
"LIJN","13:48","14:28","00:40",20101,0,0,0," ",0,"PRT","2107",0,0
"LIJN","14:28","14:30","00:02",30300,0,0,0," ",0,"PRT","2107",0,0
"LIJN","14:30","15:24","00:54",20101,0,0,0," ",0,"PRT","2107",0,0
"LIJN","15:24","15:39","00:15",30300,0,0,0," ",0,"PRT","2107",0,0
"LIJN","15:39","16:09","00:30",30301,0,0,0," ",0,"PRT","2107",0,0
"LIJN","16:09","16:21","00:12",30302,0,0,0," ",0,"PRT","2107",0,0
"LIJN","16:21","16:56","00:35",20101,0,0,0," ",0,"PRT","2107",0,0
"LIJN","16:56","16:58","00:02",20201,0,0,0," ",0,"PRT","2107",0,0
"LIJN","16:58","17:08","00:10",20401,0,0,0," ",0,"PRT","2107",0,0
"LIJN","06:32","06:37","00:05",20301,0,0,0," ",0,"PRT","2108",0,0
"LIJN","06:37","07:19","00:42",20201,0,0,0," ",0,"PRT","2108",0,0
"LIJN","07:19","08:00","00:41",20101,0,0,0," ",0,"PRT","2108",0,0
"LIJN","08:00","08:15","00:15",20201,0,0,0," ",0,"PRT","2108",0,0
"LIJN","08:15","11:52","03:37",30201,0,0,1," ",0,"PRT","2108",0,0
"LIJN","11:52","12:07","00:15",20112,0,0,0," ",0,"PRT","2108",0,0
"LIJN","12:07","12:48","00:41",20201,0,0,0," ",0,"PRT","2108",0,0
"LIJN","12:48","13:28","00:40",20101,0,0,0," ",0,"PRT","2108",0,0
"LIJN","13:28","13:30","00:02",30300,0,0,0," ",0,"PRT","2108",0,0
"LIJN","13:30","14:24","00:54",20101,0,0,0," ",0,"PRT","2108",0,0
"LIJN","14:24","14:39","00:15",30300,0,0,0," ",0,"PRT","2108",0,0
"LIJN","14:39","15:09","00:30",30301,0,0,0," ",0,"PRT","2108",0,0
"LIJN","15:09","15:37","00:28",30302,0,0,0," ",0,"PRT","2108",0,0
"LIJN","15:37","16:38","01:01",20101,0,0,0," ",0,"PRT","2108",0,0
"LIJN","16:38","16:40","00:02",30300,0,0,0," ",0,"PRT","2108",0,0
"LIJN","16:40","17:25","00:45",20101,0,0,0," ",0,"PRT","2108",0,0
"LIJN","17:25","18:09","00:44",20201,0,0,0," ",0,"PRT","2108",0,0
"LIJN","18:09","18:19","00:10",20401,0,0,0," ",0,"PRT","2108",0,0
"LIJN","06:48","06:53","00:05",20301,0,0,0," ",0,"PRT","2109",0,0
"LIJN","06:53","07:29","00:36",20201,0,0,0," ",0,"PRT","2109",0,0
"LIJN","07:29","08:03","00:34",20101,0,0,0," ",0,"PRT","2109",0,0
"LIJN","08:03","08:23","00:20",20201,0,0,0," ",0,"PRT","2109",0,0
"LIJN","08:23","12:55","04:32",30201,0,0,1," ",0,"PRT","2109",0,0
"LIJN","12:55","13:10","00:15",20112,0,0,0," ",0,"PRT","2109",0,0
"LIJN","13:10","13:40","00:30",20201,0,0,0," ",0,"PRT","2109",0,0
"LIJN","13:40","14:33","00:53",20101,0,0,0," ",0,"PRT","2109",0,0
"LIJN","14:33","14:35","00:02",30300,0,0,0," ",0,"PRT","2109",0,0
"LIJN","14:35","15:15","00:40",20101,0,0,0," ",0,"PRT","2109",0,0
"LIJN","15:15","15:26","00:11",20201,0,0,0," ",0,"PRT","2109",0,0
"LIJN","15:26","15:41","00:15",30300,0,0,0," ",0,"PRT","2109",0,0
"LIJN","15:41","15:54","00:13",30301,0,0,0," ",0,"PRT","2109",0,0
"LIJN","15:54","16:53","00:59",20101,0,0,0," ",0,"PRT","2109",0,0
"LIJN","16:53","16:55","00:02",30300,0,0,0," ",0,"PRT","2109",0,0
"LIJN","16:55","17:55","01:00",20101,0,0,0," ",0,"PRT","2109",0,0
"LIJN","17:55","18:02","00:07",30300,0,0,0," ",0,"PRT","2109",0,0
"LIJN","18:02","19:01","00:59",20101,0,0,0," ",0,"PRT","2109",0,0
"LIJN","19:01","19:15","00:14",20201,0,0,0," ",0,"PRT","2109",0,0
"LIJN","19:15","19:25","00:10",20401,0,0,0," ",0,"PRT","2109",0,0
"LIJN","06:50","06:55","00:05",20301,0,0,0," ",0,"PRT","2110",0,0
"LIJN","06:55","06:58","00:03",20201,0,0,0," ",0,"PRT","2110",0,0
"LIJN","06:58","07:31","00:33",20101,0,0,0," ",0,"PRT","2110",0,0
"LIJN","07:31","08:01","00:30",20201,0,0,0," ",0,"PRT","2110",0,0
"LIJN","08:01","14:24","06:23",30201,0,0,1," ",0,"PRT","2110",0,0
"LIJN","14:24","14:39","00:15",20112,0,0,0," ",0,"PRT","2110",0,0
"LIJN","14:39","15:09","00:30",20201,0,0,0," ",0,"PRT","2110",0,0
"LIJN","15:09","16:07","00:58",20101,0,0,0," ",0,"PRT","2110",0,0
"LIJN","16:07","16:09","00:02",30300,0,0,0," ",0,"PRT","2110",0,0
"LIJN","16:09","16:54","00:45",20101,0,0,0," ",0,"PRT","2110",0,0
"LIJN","16:54","17:05","00:11",20201,0,0,0," ",0,"PRT","2110",0,0
"LIJN","17:05","17:20","00:15",30300,0,0,0," ",0,"PRT","2110",0,0
"LIJN","17:20","17:28","00:08",30301,0,0,0," ",0,"PRT","2110",0,0
"LIJN","17:28","18:28","01:00",20101,0,0,0," ",0,"PRT","2110",0,0
"LIJN","18:28","18:30","00:02",30300,0,0,0," ",0,"PRT","2110",0,0
"LIJN","18:30","19:23","00:53",20101,0,0,0," ",0,"PRT","2110",0,0
"LIJN","19:23","19:53","00:30",20201,0,0,0," ",0,"PRT","2110",0,0
"LIJN","19:53","20:03","00:10",20401,0,0,0," ",0,"PRT","2110",0,0
"LIJN","06:32","06:37","00:05",20301,0,0,0," ",0,"PRT","2111",0,0
"LIJN","06:37","06:39","00:02",20201,0,0,0," ",0,"PRT","2111",0,0
"LIJN","06:39","07:57","01:18",20101,0,0,0," ",0,"PRT","2111",0,0
"LIJN","07:57","08:39","00:42",20201,0,0,0," ",0,"PRT","2111",0,0
"LIJN","08:39","15:51","07:12",30201,0,0,1," ",0,"PRT","2111",0,0
"LIJN","15:51","16:06","00:15",20112,0,0,0," ",0,"PRT","2111",0,0
"LIJN","16:06","16:08","00:02",20201,0,0,0," ",0,"PRT","2111",0,0
"LIJN","16:08","17:26","01:18",20101,0,0,0," ",0,"PRT","2111",0,0
"LIJN","17:26","17:54","00:28",20201,0,0,0," ",0,"PRT","2111",0,0
"LIJN","17:54","18:09","00:15",30300,0,0,0," ",0,"PRT","2111",0,0
"LIJN","18:09","18:39","00:30",30301,0,0,0," ",0,"PRT","2111",0,0
"LIJN","18:39","19:21","00:42",30302,0,0,0," ",0,"PRT","2111",0,0
"LIJN","19:21","19:56","00:35",20101,0,0,0," ",0,"PRT","2111",0,0
"LIJN","19:56","19:58","00:02",30300,0,0,0," ",0,"PRT","2111",0,0
"LIJN","19:58","20:44","00:46",20101,0,0,0," ",0,"PRT","2111",0,0
"LIJN","20:44","21:14","00:30",20201,0,0,0," ",0,"PRT","2111",0,0
"LIJN","21:14","21:24","00:10",20401,0,0,0," ",0,"PRT","2111",0,0
"LIJN","06:53","06:58","00:05",20301,0,0,0," ",0,"PRT","2112",0,0
"LIJN","06:58","07:00","00:02",20201,0,0,0," ",0,"PRT","2112",0,0
"LIJN","07:00","07:37","00:37",20101,0,0,0," ",0,"PRT","2112",0,0
"LIJN","07:37","07:40","00:03",30300,0,0,0," ",0,"PRT","2112",0,0
"LIJN","07:40","08:06","00:26",20101,0,0,0," ",0,"PRT","2112",0,0
"LIJN","08:06","08:08","00:02",30300,0,0,0," ",0,"PRT","2112",0,0
"LIJN","08:08","08:37","00:29",20101,0,0,0," ",0,"PRT","2112",0,0
"LIJN","08:37","08:57","00:20",20201,0,0,0," ",0,"PRT","2112",0,0
"LIJN","08:57","12:26","03:29",30201,0,0,1," ",0,"PRT","2112",0,0
"LIJN","12:26","12:41","00:15",20112,0,0,0," ",0,"PRT","2112",0,0
"LIJN","12:41","13:11","00:30",20201,0,0,0," ",0,"PRT","2112",0,0
"LIJN","13:11","14:04","00:53",20101,0,0,0," ",0,"PRT","2112",0,0
"LIJN","14:04","14:06","00:02",30300,0,0,0," ",0,"PRT","2112",0,0
"LIJN","14:06","14:46","00:40",20101,0,0,0," ",0,"PRT","2112",0,0
"LIJN","14:46","15:11","00:25",20201,0,0,0," ",0,"PRT","2112",0,0
"LIJN","15:11","15:26","00:15",30300,0,0,0," ",0,"PRT","2112",0,0
"LIJN","15:26","15:55","00:29",30301,0,0,0," ",0,"PRT","2112",0,0
"LIJN","15:55","16:30","00:35",20101,0,0,0," ",0,"PRT","2112",0,0
"LIJN","16:30","16:50","00:20",20201,0,0,0," ",0,"PRT","2112",0,0
"LIJN","16:50","16:55","00:05",30300,0,0,0," ",0,"PRT","2112",0,0
"LIJN","16:55","17:28","00:33",20101,0,0,0," ",0,"PRT","2112",0,0
"LIJN","17:28","17:49","00:21",20201,0,0,0," ",0,"PRT","2112",0,0
"LIJN","17:49","17:59","00:10",20401,0,0,0," ",0,"PRT","2112",0,0
"LIJN","07:16","07:21","00:05",20301,0,0,0," ",0,"PRT","2113",0,0
"LIJN","07:21","07:26","00:05",20201,0,0,0," ",0,"PRT","2113",0,0
"LIJN","07:26","08:00","00:34",20101,0,0,0," ",0,"PRT","2113",0,0
"LIJN","08:00","08:15","00:15",20201,0,0,0," ",0,"PRT","2113",0,0
"LIJN","08:15","11:56","03:41",30201,0,0,1," ",0,"PRT","2113",0,0
"LIJN","11:56","12:11","00:15",20112,0,0,0," ",0,"PRT","2113",0,0
"LIJN","12:11","12:41","00:30",20201,0,0,0," ",0,"PRT","2113",0,0
"LIJN","12:41","13:34","00:53",20101,0,0,0," ",0,"PRT","2113",0,0
"LIJN","13:34","13:36","00:02",30300,0,0,0," ",0,"PRT","2113",0,0
"LIJN","13:36","14:16","00:40",20101,0,0,0," ",0,"PRT","2113",0,0
"LIJN","14:16","15:01","00:45",20201,0,0,0," ",0,"PRT","2113",0,0
"LIJN","15:01","15:16","00:15",30300,0,0,0," ",0,"PRT","2113",0,0
"LIJN","15:16","15:38","00:22",30301,0,0,0," ",0,"PRT","2113",0,0
"LIJN","15:38","16:56","01:18",20101,0,0,0," ",0,"PRT","2113",0,0
"LIJN","16:56","17:00","00:04",30300,0,0,0," ",0,"PRT","2113",0,0
"LIJN","17:00","17:35","00:35",20101,0,0,0," ",0,"PRT","2113",0,0
"LIJN","17:35","17:55","00:20",20201,0,0,0," ",0,"PRT","2113",0,0
"LIJN","17:55","18:05","00:10",20401,0,0,0," ",0,"PRT","2113",0,0
"LIJN","07:17","07:22","00:05",20301,0,0,0," ",0,"PRT","2114",0,0
"LIJN","07:22","07:24","00:02",20201,0,0,0," ",0,"PRT","2114",0,0
"LIJN","07:24","08:02","00:38",20101,0,0,0," ",0,"PRT","2114",0,0
"LIJN","08:02","08:22","00:20",20201,0,0,0," ",0,"PRT","2114",0,0
"LIJN","08:22","16:13","07:51",30201,0,0,1," ",0,"PRT","2114",0,0
"LIJN","16:13","16:28","00:15",20112,0,0,0," ",0,"PRT","2114",0,0
"LIJN","16:28","16:30","00:02",20201,0,0,0," ",0,"PRT","2114",0,0
"LIJN","16:30","17:48","01:18",20101,0,0,0," ",0,"PRT","2114",0,0
"LIJN","17:48","18:30","00:42",20201,0,0,0," ",0,"PRT","2114",0,0
"LIJN","18:30","18:40","00:10",20401,0,0,0," ",0,"PRT","2114",0,0
"LIJN","07:03","07:08","00:05",20301,0,0,0," ",0,"PRT","2115",0,0
"LIJN","07:08","07:10","00:02",20201,0,0,0," ",0,"PRT","2115",0,0
"LIJN","07:10","07:38","00:28",20101,0,0,0," ",0,"PRT","2115",0,0
"LIJN","07:38","07:47","00:09",20201,0,0,0," ",0,"PRT","2115",0,0
"LIJN","07:47","07:58","00:11",30300,0,0,0," ",0,"PRT","2115",0,0
"LIJN","07:58","08:14","00:16",20101,0,0,0," ",0,"PRT","2115",0,0
"LIJN","08:14","08:34","00:20",20201,0,0,0," ",0,"PRT","2115",0,0
"LIJN","08:34","14:58","06:24",30201,0,0,1," ",0,"PRT","2115",0,0
"LIJN","14:58","15:13","00:15",20112,0,0,0," ",0,"PRT","2115",0,0
"LIJN","15:13","15:48","00:35",20201,0,0,0," ",0,"PRT","2115",0,0
"LIJN","15:48","16:24","00:36",20101,0,0,0," ",0,"PRT","2115",0,0
"LIJN","16:24","16:29","00:05",30300,0,0,0," ",0,"PRT","2115",0,0
"LIJN","16:29","17:05","00:36",20101,0,0,0," ",0,"PRT","2115",0,0
"LIJN","17:05","17:09","00:04",30300,0,0,0," ",0,"PRT","2115",0,0
"LIJN","17:09","17:58","00:49",20101,0,0,0," ",0,"PRT","2115",0,0
"LIJN","17:58","18:13","00:15",30300,0,0,0," ",0,"PRT","2115",0,0
"LIJN","18:13","18:43","00:30",30301,0,0,0," ",0,"PRT","2115",0,0
"LIJN","18:43","18:45","00:02",30302,0,0,0," ",0,"PRT","2115",0,0
"LIJN","18:45","19:09","00:24",20101,0,0,0," ",0,"PRT","2115",0,0
"LIJN","19:09","19:35","00:26",20201,0,0,0," ",0,"PRT","2115",0,0
"LIJN","19:35","19:49","00:14",30300,0,0,0," ",0,"PRT","2115",0,0
"LIJN","19:49","20:34","00:45",20101,0,0,0," ",0,"PRT","2115",0,0
"LIJN","20:34","20:36","00:02",30300,0,0,0," ",0,"PRT","2115",0,0
"LIJN","20:36","21:11","00:35",20101,0,0,0," ",0,"PRT","2115",0,0
"LIJN","21:11","21:55","00:44",20201,0,0,0," ",0,"PRT","2115",0,0
"LIJN","21:55","22:05","00:10",20401,0,0,0," ",0,"PRT","2115",0,0
"LIJN","15:51","15:56","00:05",20301,0,0,0," ",0,"PRT","2116",0,0
"LIJN","15:56","15:59","00:03",20201,0,0,0," ",0,"PRT","2116",0,0
"LIJN","15:59","16:34","00:35",20101,0,0,0," ",0,"PRT","2116",0,0
"LIJN","16:34","16:49","00:15",30300,0,0,0," ",0,"PRT","2116",0,0
"LIJN","16:49","16:55","00:06",30301,0,0,0," ",0,"PRT","2116",0,0
"LIJN","16:55","17:30","00:35",20101,0,0,0," ",0,"PRT","2116",0,0
"LIJN","17:30","17:55","00:25",20201,0,0,0," ",0,"PRT","2116",0,0
"LIJN","17:55","18:10","00:15",30300,0,0,0," ",0,"PRT","2116",0,0
"LIJN","18:10","18:40","00:30",30301,0,0,0," ",0,"PRT","2116",0,0
"LIJN","18:40","18:41","00:01",30302,0,0,0," ",0,"PRT","2116",0,0
"LIJN","18:41","19:32","00:51",20101,0,0,0," ",0,"PRT","2116",0,0
"LIJN","19:32","19:34","00:02",30300,0,0,0," ",0,"PRT","2116",0,0
"LIJN","19:34","20:10","00:36",20101,0,0,0," ",0,"PRT","2116",0,0
"LIJN","20:10","20:25","00:15",30300,0,0,0," ",0,"PRT","2116",0,0
"LIJN","20:25","20:55","00:30",30301,0,0,0," ",0,"PRT","2116",0,0
"LIJN","20:55","21:23","00:28",30302,0,0,0," ",0,"PRT","2116",0,0
"LIJN","21:23","21:58","00:35",20101,0,0,0," ",0,"PRT","2116",0,0
"LIJN","21:58","22:00","00:02",30300,0,0,0," ",0,"PRT","2116",0,0
"LIJN","22:00","22:46","00:46",20101,0,0,0," ",0,"PRT","2116",0,0
"LIJN","22:46","22:52","00:06",30300,0,0,0," ",0,"PRT","2116",0,0
"LIJN","22:52","23:37","00:45",20101,0,0,0," ",0,"PRT","2116",0,0
"LIJN","23:37","00:14","00:37",20201,0,0,0," ",0,"PRT","2116",0,1
"LIJN","00:14","00:20","00:06",30300,0,0,0," ",0,"PRT","2116",1,1
"LIJN","00:20","01:18","00:58",20101,0,0,0," ",0,"PRT","2116",1,1
"LIJN","01:18","01:20","00:02",20201,0,0,0," ",0,"PRT","2116",1,1
"LIJN","01:20","01:30","00:10",20401,0,0,0," ",0,"PRT","2116",1,1
"LIJN","16:19","16:24","00:05",20301,0,0,0," ",0,"PRT","2117",0,0
"LIJN","16:24","16:38","00:14",20201,0,0,0," ",0,"PRT","2117",0,0
"LIJN","16:38","17:38","01:00",20101,0,0,0," ",0,"PRT","2117",0,0
"LIJN","17:38","17:53","00:15",30300,0,0,0," ",0,"PRT","2117",0,0
"LIJN","17:53","18:08","00:15",30301,0,0,0," ",0,"PRT","2117",0,0
"LIJN","18:08","19:06","00:58",20101,0,0,0," ",0,"PRT","2117",0,0
"LIJN","19:06","19:08","00:02",30300,0,0,0," ",0,"PRT","2117",0,0
"LIJN","19:08","19:45","00:37",20101,0,0,0," ",0,"PRT","2117",0,0
"LIJN","19:45","20:00","00:15",30300,0,0,0," ",0,"PRT","2117",0,0
"LIJN","20:00","20:17","00:17",30301,0,0,0," ",0,"PRT","2117",0,0
"LIJN","20:17","20:52","00:35",20101,0,0,0," ",0,"PRT","2117",0,0
"LIJN","20:52","20:54","00:02",30300,0,0,0," ",0,"PRT","2117",0,0
"LIJN","20:54","21:40","00:46",20101,0,0,0," ",0,"PRT","2117",0,0
"LIJN","21:40","21:45","00:05",30300,0,0,0," ",0,"PRT","2117",0,0
"LIJN","21:45","22:30","00:45",20101,0,0,0," ",0,"PRT","2117",0,0
"LIJN","22:30","22:32","00:02",30300,0,0,0," ",0,"PRT","2117",0,0
"LIJN","22:32","23:07","00:35",20101,0,0,0," ",0,"PRT","2117",0,0
"LIJN","23:07","23:22","00:15",30300,0,0,0," ",0,"PRT","2117",0,0
"LIJN","23:22","23:29","00:07",30301,0,0,0," ",0,"PRT","2117",0,0
"LIJN","23:29","00:27","00:58",20101,0,0,0," ",0,"PRT","2117",0,1
"LIJN","00:27","00:29","00:02",20201,0,0,0," ",0,"PRT","2117",1,1
"LIJN","00:29","00:39","00:10",20401,0,0,0," ",0,"PRT","2117",1,1
"LIJN","07:17","07:22","00:05",20301,0,0,0," ",0,"PRT","2214",0,0
"LIJN","07:22","07:24","00:02",20201,0,0,0," ",0,"PRT","2214",0,0
"LIJN","07:24","08:02","00:38",20101,0,0,0," ",0,"PRT","2214",0,0
"LIJN","08:02","08:22","00:20",20201,0,0,0," ",0,"PRT","2214",0,0
"LIJN","08:22","15:18","06:56",30201,0,0,1," ",0,"PRT","2214",0,0
"LIJN","15:18","15:33","00:15",20112,0,0,0," ",0,"PRT","2214",0,0
"LIJN","15:33","15:50","00:17",20201,0,0,0," ",0,"PRT","2214",0,0
"LIJN","15:50","16:09","00:19",20101,0,0,0," ",0,"PRT","2214",0,0
"LIJN","16:09","16:21","00:12",20201,0,0,0," ",0,"PRT","2214",0,0
"LIJN","16:21","16:30","00:09",30300,0,0,0," ",0,"PRT","2214",0,0
"LIJN","16:30","17:48","01:18",20101,0,0,0," ",0,"PRT","2214",0,0
"LIJN","17:48","18:30","00:42",20201,0,0,0," ",0,"PRT","2214",0,0
"LIJN","18:30","18:40","00:10",20401,0,0,0," ",0,"PRT","2214",0,0
"LIJN","04:31","04:36","00:05",20301,0,0,0," ",0,"PRT","2301",0,0
"LIJN","04:36","04:41","00:05",20201,0,0,0," ",0,"PRT","2301",0,0
"LIJN","04:41","05:39","00:58",20101,0,0,0," ",0,"PRT","2301",0,0
"LIJN","05:39","05:53","00:14",30300,0,0,0," ",0,"PRT","2301",0,0
"LIJN","05:53","06:28","00:35",20101,0,0,0," ",0,"PRT","2301",0,0
"LIJN","06:28","06:30","00:02",30300,0,0,0," ",0,"PRT","2301",0,0
"LIJN","06:30","07:22","00:52",20101,0,0,0," ",0,"PRT","2301",0,0
"LIJN","07:22","07:52","00:30",20201,0,0,0," ",0,"PRT","2301",0,0
"LIJN","07:52","11:31","03:39",30201,0,0,1," ",0,"PRT","2301",0,0
"LIJN","11:31","11:46","00:15",20112,0,0,0," ",0,"PRT","2301",0,0
"LIJN","11:46","12:01","00:15",20201,0,0,0," ",0,"PRT","2301",0,0
"LIJN","12:01","13:01","01:00",20101,0,0,0," ",0,"PRT","2301",0,0
"LIJN","13:01","13:05","00:04",30300,0,0,0," ",0,"PRT","2301",0,0
"LIJN","13:05","13:35","00:30",20101,0,0,0," ",0,"PRT","2301",0,0
"LIJN","13:35","13:37","00:02",20201,0,0,0," ",0,"PRT","2301",0,0
"LIJN","13:37","16:08","02:31",30202,0,0,0," ",0,"PRT","2301",0,0
"LIJN","16:08","16:10","00:02",20201,0,0,0," ",0,"PRT","2301",0,0
"LIJN","16:10","16:37","00:27",20101,0,0,0," ",0,"PRT","2301",0,0
"LIJN","16:37","16:42","00:05",30300,0,0,0," ",0,"PRT","2301",0,0
"LIJN","16:42","17:08","00:26",20101,0,0,0," ",0,"PRT","2301",0,0
"LIJN","17:08","17:10","00:02",30300,0,0,0," ",0,"PRT","2301",0,0
"LIJN","17:10","17:37","00:27",20101,0,0,0," ",0,"PRT","2301",0,0
"LIJN","17:37","17:45","00:08",30300,0,0,0," ",0,"PRT","2301",0,0
"LIJN","17:45","18:11","00:26",20101,0,0,0," ",0,"PRT","2301",0,0
"LIJN","18:11","18:13","00:02",30300,0,0,0," ",0,"PRT","2301",0,0
"LIJN","18:13","18:40","00:27",20101,0,0,0," ",0,"PRT","2301",0,0
"LIJN","18:40","18:45","00:05",30300,0,0,0," ",0,"PRT","2301",0,0
"LIJN","18:45","19:09","00:24",20101,0,0,0," ",0,"PRT","2301",0,0
"LIJN","19:09","19:11","00:02",20201,0,0,0," ",0,"PRT","2301",0,0
"LIJN","19:11","19:21","00:10",20401,0,0,0," ",0,"PRT","2301",0,0
"LIJN","05:01","05:06","00:05",20301,0,0,0," ",0,"PRT","2302",0,0
"LIJN","05:06","05:11","00:05",20201,0,0,0," ",0,"PRT","2302",0,0
"LIJN","05:11","06:09","00:58",20101,0,0,0," ",0,"PRT","2302",0,0
"LIJN","06:09","06:20","00:11",30300,0,0,0," ",0,"PRT","2302",0,0
"LIJN","06:20","06:56","00:36",20101,0,0,0," ",0,"PRT","2302",0,0
"LIJN","06:56","06:58","00:02",30300,0,0,0," ",0,"PRT","2302",0,0
"LIJN","06:58","07:57","00:59",20101,0,0,0," ",0,"PRT","2302",0,0
"LIJN","07:57","08:27","00:30",20201,0,0,0," ",0,"PRT","2302",0,0
"LIJN","08:27","11:32","03:05",30201,0,0,1," ",0,"PRT","2302",0,0
"LIJN","11:32","11:47","00:15",20112,0,0,0," ",0,"PRT","2302",0,0
"LIJN","11:47","12:02","00:15",20201,0,0,0," ",0,"PRT","2302",0,0
"LIJN","12:02","12:48","00:46",20101,0,0,0," ",0,"PRT","2302",0,0
"LIJN","12:48","12:55","00:07",30300,0,0,0," ",0,"PRT","2302",0,0
"LIJN","12:55","13:37","00:42",20101,0,0,0," ",0,"PRT","2302",0,0
"LIJN","13:37","13:58","00:21",20201,0,0,0," ",0,"PRT","2302",0,0
"LIJN","13:58","18:40","04:42",30202,0,0,0," ",0,"PRT","2302",0,0
"LIJN","18:40","19:21","00:41",20201,0,0,0," ",0,"PRT","2302",0,0
"LIJN","19:21","19:56","00:35",20101,0,0,0," ",0,"PRT","2302",0,0
"LIJN","19:56","19:58","00:02",30300,0,0,0," ",0,"PRT","2302",0,0
"LIJN","19:58","20:44","00:46",20101,0,0,0," ",0,"PRT","2302",0,0
"LIJN","20:44","21:14","00:30",20201,0,0,0," ",0,"PRT","2302",0,0
"LIJN","21:14","21:24","00:10",20401,0,0,0," ",0,"PRT","2302",0,0
"LIJN","05:03","05:08","00:05",20301,0,0,0," ",0,"PRT","2303",0,0
"LIJN","05:08","05:38","00:30",20201,0,0,0," ",0,"PRT","2303",0,0
"LIJN","05:38","06:24","00:46",20101,0,0,0," ",0,"PRT","2303",0,0
"LIJN","06:24","06:26","00:02",30300,0,0,0," ",0,"PRT","2303",0,0
"LIJN","06:26","07:05","00:39",20101,0,0,0," ",0,"PRT","2303",0,0
"LIJN","07:05","07:14","00:09",30300,0,0,0," ",0,"PRT","2303",0,0
"LIJN","07:14","07:57","00:43",20101,0,0,0," ",0,"PRT","2303",0,0
"LIJN","07:57","07:59","00:02",30300,0,0,0," ",0,"PRT","2303",0,0
"LIJN","07:59","09:00","01:01",20101,0,0,0," ",0,"PRT","2303",0,0
"LIJN","09:00","09:15","00:15",30300,0,0,0," ",0,"PRT","2303",0,0
"LIJN","09:15","09:41","00:26",30301,0,0,0," ",0,"PRT","2303",0,0
"LIJN","09:41","10:34","00:53",20101,0,0,0," ",0,"PRT","2303",0,0
"LIJN","10:34","10:36","00:02",30300,0,0,0," ",0,"PRT","2303",0,0
"LIJN","10:36","11:16","00:40",20101,0,0,0," ",0,"PRT","2303",0,0
"LIJN","11:16","11:31","00:15",30300,0,0,0," ",0,"PRT","2303",0,0
"LIJN","11:31","11:48","00:17",30301,0,0,0," ",0,"PRT","2303",0,0
"LIJN","11:48","12:28","00:40",20101,0,0,0," ",0,"PRT","2303",0,0
"LIJN","12:28","12:30","00:02",30300,0,0,0," ",0,"PRT","2303",0,0
"LIJN","12:30","13:24","00:54",20101,0,0,0," ",0,"PRT","2303",0,0
"LIJN","13:24","13:54","00:30",20201,0,0,0," ",0,"PRT","2303",0,0
"LIJN","13:54","14:04","00:10",20401,0,0,0," ",0,"PRT","2303",0,0
"LIJN","05:54","05:59","00:05",20301,0,0,0," ",0,"PRT","2304",0,0
"LIJN","05:59","06:40","00:41",20201,0,0,0," ",0,"PRT","2304",0,0
"LIJN","06:40","07:12","00:32",20101,0,0,0," ",0,"PRT","2304",0,0
"LIJN","07:12","07:18","00:06",20201,0,0,0," ",0,"PRT","2304",0,0
"LIJN","07:18","07:33","00:15",30300,0,0,0," ",0,"PRT","2304",0,0
"LIJN","07:33","08:07","00:34",20101,0,0,0," ",0,"PRT","2304",0,0
"LIJN","08:07","08:42","00:35",20201,0,0,0," ",0,"PRT","2304",0,0
"LIJN","08:42","11:36","02:54",30201,0,0,1," ",0,"PRT","2304",0,0
"LIJN","11:36","11:51","00:15",20112,0,0,0," ",0,"PRT","2304",0,0
"LIJN","11:51","12:05","00:14",20201,0,0,0," ",0,"PRT","2304",0,0
"LIJN","12:05","12:30","00:25",20101,0,0,0," ",0,"PRT","2304",0,0
"LIJN","12:30","12:56","00:26",20201,0,0,0," ",0,"PRT","2304",0,0
"LIJN","12:56","13:11","00:15",30300,0,0,0," ",0,"PRT","2304",0,0
"LIJN","13:11","14:04","00:53",20101,0,0,0," ",0,"PRT","2304",0,0
"LIJN","14:04","14:06","00:02",30300,0,0,0," ",0,"PRT","2304",0,0
"LIJN","14:06","14:46","00:40",20101,0,0,0," ",0,"PRT","2304",0,0
"LIJN","14:46","15:30","00:44",20201,0,0,0," ",0,"PRT","2304",0,0
"LIJN","15:30","15:40","00:10",20401,0,0,0," ",0,"PRT","2304",0,0
"LIJN","05:56","06:01","00:05",20301,0,0,0," ",0,"PRT","2305",0,0
"LIJN","06:01","06:42","00:41",20201,0,0,0," ",0,"PRT","2305",0,0
"LIJN","06:42","07:18","00:36",20101,0,0,0," ",0,"PRT","2305",0,0
"LIJN","07:18","07:20","00:02",30300,0,0,0," ",0,"PRT","2305",0,0
"LIJN","07:20","08:23","01:03",20101,0,0,0," ",0,"PRT","2305",0,0
"LIJN","08:23","08:53","00:30",20201,0,0,0," ",0,"PRT","2305",0,0
"LIJN","08:53","11:47","02:54",30201,0,0,1," ",0,"PRT","2305",0,0
"LIJN","11:47","12:02","00:15",20112,0,0,0," ",0,"PRT","2305",0,0
"LIJN","12:02","12:19","00:17",20201,0,0,0," ",0,"PRT","2305",0,0
"LIJN","12:19","12:57","00:38",20101,0,0,0," ",0,"PRT","2305",0,0
"LIJN","12:57","13:05","00:08",30300,0,0,0," ",0,"PRT","2305",0,0
"LIJN","13:05","13:37","00:32",20101,0,0,0," ",0,"PRT","2305",0,0
"LIJN","13:37","13:57","00:20",20201,0,0,0," ",0,"PRT","2305",0,0
"LIJN","13:57","16:06","02:09",30202,0,0,0," ",0,"PRT","2305",0,0
"LIJN","16:06","16:36","00:30",20201,0,0,0," ",0,"PRT","2305",0,0
"LIJN","16:36","17:38","01:02",20101,0,0,0," ",0,"PRT","2305",0,0
"LIJN","17:38","17:40","00:02",30300,0,0,0," ",0,"PRT","2305",0,0
"LIJN","17:40","18:23","00:43",20101,0,0,0," ",0,"PRT","2305",0,0
"LIJN","18:23","18:38","00:15",30300,0,0,0," ",0,"PRT","2305",0,0
"LIJN","18:38","18:54","00:16",30301,0,0,0," ",0,"PRT","2305",0,0
"LIJN","18:54","19:54","01:00",20101,0,0,0," ",0,"PRT","2305",0,0
"LIJN","19:54","19:56","00:02",20201,0,0,0," ",0,"PRT","2305",0,0
"LIJN","19:56","20:06","00:10",20401,0,0,0," ",0,"PRT","2305",0,0
"LIJN","06:23","06:28","00:05",20301,0,0,0," ",0,"PRT","2306",0,0
"LIJN","06:28","06:31","00:03",20201,0,0,0," ",0,"PRT","2306",0,0
"LIJN","06:31","07:00","00:29",20101,0,0,0," ",0,"PRT","2306",0,0
"LIJN","07:00","07:05","00:05",30300,0,0,0," ",0,"PRT","2306",0,0
"LIJN","07:05","08:01","00:56",20101,0,0,0," ",0,"PRT","2306",0,0
"LIJN","08:01","08:03","00:02",30300,0,0,0," ",0,"PRT","2306",0,0
"LIJN","08:03","09:05","01:02",20101,0,0,0," ",0,"PRT","2306",0,0
"LIJN","09:05","09:16","00:11",20201,0,0,0," ",0,"PRT","2306",0,0
"LIJN","09:16","09:31","00:15",30300,0,0,0," ",0,"PRT","2306",0,0
"LIJN","09:31","10:01","00:30",30301,0,0,0," ",0,"PRT","2306",0,0
"LIJN","10:01","10:18","00:17",30302,0,0,0," ",0,"PRT","2306",0,0
"LIJN","10:18","10:58","00:40",20101,0,0,0," ",0,"PRT","2306",0,0
"LIJN","10:58","11:00","00:02",30300,0,0,0," ",0,"PRT","2306",0,0
"LIJN","11:00","11:54","00:54",20101,0,0,0," ",0,"PRT","2306",0,0
"LIJN","11:54","12:09","00:15",30300,0,0,0," ",0,"PRT","2306",0,0
"LIJN","12:09","12:16","00:07",30301,0,0,0," ",0,"PRT","2306",0,0
"LIJN","12:16","13:09","00:53",20101,0,0,0," ",0,"PRT","2306",0,0
"LIJN","13:09","13:23","00:14",20201,0,0,0," ",0,"PRT","2306",0,0
"LIJN","13:23","13:33","00:10",20401,0,0,0," ",0,"PRT","2306",0,0
"LIJN","06:29","06:34","00:05",20301,0,0,0," ",0,"PRT","2307",0,0
"LIJN","06:34","06:48","00:14",20201,0,0,0," ",0,"PRT","2307",0,0
"LIJN","06:48","07:44","00:56",20101,0,0,0," ",0,"PRT","2307",0,0
"LIJN","07:44","08:14","00:30",20201,0,0,0," ",0,"PRT","2307",0,0
"LIJN","08:14","11:56","03:42",30201,0,0,1," ",0,"PRT","2307",0,0
"LIJN","11:56","12:11","00:15",20112,0,0,0," ",0,"PRT","2307",0,0
"LIJN","12:11","12:41","00:30",20201,0,0,0," ",0,"PRT","2307",0,0
"LIJN","12:41","13:34","00:53",20101,0,0,0," ",0,"PRT","2307",0,0
"LIJN","13:34","13:36","00:02",30300,0,0,0," ",0,"PRT","2307",0,0
"LIJN","13:36","14:16","00:40",20101,0,0,0," ",0,"PRT","2307",0,0
"LIJN","14:16","15:06","00:50",20201,0,0,0," ",0,"PRT","2307",0,0
"LIJN","15:06","15:21","00:15",30300,0,0,0," ",0,"PRT","2307",0,0
"LIJN","15:21","15:37","00:16",30301,0,0,0," ",0,"PRT","2307",0,0
"LIJN","15:37","16:38","01:01",20101,0,0,0," ",0,"PRT","2307",0,0
"LIJN","16:38","16:40","00:02",30300,0,0,0," ",0,"PRT","2307",0,0
"LIJN","16:40","17:25","00:45",20101,0,0,0," ",0,"PRT","2307",0,0
"LIJN","17:25","18:09","00:44",20201,0,0,0," ",0,"PRT","2307",0,0
"LIJN","18:09","18:19","00:10",20401,0,0,0," ",0,"PRT","2307",0,0
"LIJN","06:32","06:37","00:05",20301,0,0,0," ",0,"PRT","2308",0,0
"LIJN","06:37","07:19","00:42",20201,0,0,0," ",0,"PRT","2308",0,0
"LIJN","07:19","08:00","00:41",20101,0,0,0," ",0,"PRT","2308",0,0
"LIJN","08:00","08:15","00:15",20201,0,0,0," ",0,"PRT","2308",0,0
"LIJN","08:15","11:40","03:25",30201,0,0,1," ",0,"PRT","2308",0,0
"LIJN","11:40","11:55","00:15",20112,0,0,0," ",0,"PRT","2308",0,0
"LIJN","11:55","12:09","00:14",20201,0,0,0," ",0,"PRT","2308",0,0
"LIJN","12:09","12:27","00:18",20101,0,0,0," ",0,"PRT","2308",0,0
"LIJN","12:27","12:58","00:31",20201,0,0,0," ",0,"PRT","2308",0,0
"LIJN","12:58","15:13","02:15",30202,0,0,0," ",0,"PRT","2308",0,0
"LIJN","15:13","15:48","00:35",20201,0,0,0," ",0,"PRT","2308",0,0
"LIJN","15:48","16:24","00:36",20101,0,0,0," ",0,"PRT","2308",0,0
"LIJN","16:24","16:29","00:05",30300,0,0,0," ",0,"PRT","2308",0,0
"LIJN","16:29","17:05","00:36",20101,0,0,0," ",0,"PRT","2308",0,0
"LIJN","17:05","17:09","00:04",30300,0,0,0," ",0,"PRT","2308",0,0
"LIJN","17:09","17:58","00:49",20101,0,0,0," ",0,"PRT","2308",0,0
"LIJN","17:58","18:28","00:30",20201,0,0,0," ",0,"PRT","2308",0,0
"LIJN","18:28","18:43","00:15",30300,0,0,0," ",0,"PRT","2308",0,0
"LIJN","18:43","19:13","00:30",30301,0,0,0," ",0,"PRT","2308",0,0
"LIJN","19:13","19:49","00:36",30302,0,0,0," ",0,"PRT","2308",0,0
"LIJN","19:49","20:34","00:45",20101,0,0,0," ",0,"PRT","2308",0,0
"LIJN","20:34","20:36","00:02",30300,0,0,0," ",0,"PRT","2308",0,0
"LIJN","20:36","21:11","00:35",20101,0,0,0," ",0,"PRT","2308",0,0
"LIJN","21:11","21:55","00:44",20201,0,0,0," ",0,"PRT","2308",0,0
"LIJN","21:55","22:05","00:10",20401,0,0,0," ",0,"PRT","2308",0,0
"LIJN","06:32","06:37","00:05",20301,0,0,0," ",0,"PRT","2309",0,0
"LIJN","06:37","06:39","00:02",20201,0,0,0," ",0,"PRT","2309",0,0
"LIJN","06:39","07:57","01:18",20101,0,0,0," ",0,"PRT","2309",0,0
"LIJN","07:57","08:39","00:42",20201,0,0,0," ",0,"PRT","2309",0,0
"LIJN","08:39","11:22","02:43",30201,0,0,1," ",0,"PRT","2309",0,0
"LIJN","11:22","11:37","00:15",20112,0,0,0," ",0,"PRT","2309",0,0
"LIJN","11:37","12:19","00:42",20201,0,0,0," ",0,"PRT","2309",0,0
"LIJN","12:19","13:25","01:06",20101,0,0,0," ",0,"PRT","2309",0,0
"LIJN","13:25","13:27","00:02",20201,0,0,0," ",0,"PRT","2309",0,0
"LIJN","13:27","15:05","01:38",30202,0,0,0," ",0,"PRT","2309",0,0
"LIJN","15:05","15:25","00:20",20201,0,0,0," ",0,"PRT","2309",0,0
"LIJN","15:25","16:01","00:36",20101,0,0,0," ",0,"PRT","2309",0,0
"LIJN","16:01","16:16","00:15",30300,0,0,0," ",0,"PRT","2309",0,0
"LIJN","16:16","16:39","00:23",30301,0,0,0," ",0,"PRT","2309",0,0
"LIJN","16:39","17:15","00:36",20101,0,0,0," ",0,"PRT","2309",0,0
"LIJN","17:15","17:25","00:10",30300,0,0,0," ",0,"PRT","2309",0,0
"LIJN","17:25","18:01","00:36",20101,0,0,0," ",0,"PRT","2309",0,0
"LIJN","18:01","18:16","00:15",30300,0,0,0," ",0,"PRT","2309",0,0
"LIJN","18:16","18:41","00:25",30301,0,0,0," ",0,"PRT","2309",0,0
"LIJN","18:41","19:15","00:34",20101,0,0,0," ",0,"PRT","2309",0,0
"LIJN","19:15","19:35","00:20",20201,0,0,0," ",0,"PRT","2309",0,0
"LIJN","19:35","19:45","00:10",20401,0,0,0," ",0,"PRT","2309",0,0
"LIJN","06:48","06:53","00:05",20301,0,0,0," ",0,"PRT","2310",0,0
"LIJN","06:53","07:29","00:36",20201,0,0,0," ",0,"PRT","2310",0,0
"LIJN","07:29","08:03","00:34",20101,0,0,0," ",0,"PRT","2310",0,0
"LIJN","08:03","08:23","00:20",20201,0,0,0," ",0,"PRT","2310",0,0
"LIJN","08:23","11:29","03:06",30201,0,0,1," ",0,"PRT","2310",0,0
"LIJN","11:29","11:44","00:15",20112,0,0,0," ",0,"PRT","2310",0,0
"LIJN","11:44","12:14","00:30",20201,0,0,0," ",0,"PRT","2310",0,0
"LIJN","12:14","12:44","00:30",20101,0,0,0," ",0,"PRT","2310",0,0
"LIJN","12:44","13:09","00:25",20201,0,0,0," ",0,"PRT","2310",0,0
"LIJN","13:09","13:24","00:15",30300,0,0,0," ",0,"PRT","2310",0,0
"LIJN","13:24","13:54","00:30",30301,0,0,0," ",0,"PRT","2310",0,0
"LIJN","13:54","14:09","00:15",30302,0,0,0," ",0,"PRT","2310",0,0
"LIJN","14:09","15:02","00:53",20101,0,0,0," ",0,"PRT","2310",0,0
"LIJN","15:02","15:04","00:02",30300,0,0,0," ",0,"PRT","2310",0,0
"LIJN","15:04","15:44","00:40",20101,0,0,0," ",0,"PRT","2310",0,0
"LIJN","15:44","15:55","00:11",20201,0,0,0," ",0,"PRT","2310",0,0
"LIJN","15:55","16:10","00:15",30300,0,0,0," ",0,"PRT","2310",0,0
"LIJN","16:10","16:24","00:14",30301,0,0,0," ",0,"PRT","2310",0,0
"LIJN","16:24","17:23","00:59",20101,0,0,0," ",0,"PRT","2310",0,0
"LIJN","17:23","17:25","00:02",30300,0,0,0," ",0,"PRT","2310",0,0
"LIJN","17:25","18:24","00:59",20101,0,0,0," ",0,"PRT","2310",0,0
"LIJN","18:24","18:54","00:30",20201,0,0,0," ",0,"PRT","2310",0,0
"LIJN","18:54","19:04","00:10",20401,0,0,0," ",0,"PRT","2310",0,0
"LIJN","06:50","06:55","00:05",20301,0,0,0," ",0,"PRT","2311",0,0
"LIJN","06:55","06:58","00:03",20201,0,0,0," ",0,"PRT","2311",0,0
"LIJN","06:58","07:31","00:33",20101,0,0,0," ",0,"PRT","2311",0,0
"LIJN","07:31","08:01","00:30",20201,0,0,0," ",0,"PRT","2311",0,0
"LIJN","08:01","11:52","03:51",30201,0,0,1," ",0,"PRT","2311",0,0
"LIJN","11:52","12:07","00:15",20112,0,0,0," ",0,"PRT","2311",0,0
"LIJN","12:07","12:48","00:41",20201,0,0,0," ",0,"PRT","2311",0,0
"LIJN","12:48","13:28","00:40",20101,0,0,0," ",0,"PRT","2311",0,0
"LIJN","13:28","13:30","00:02",30300,0,0,0," ",0,"PRT","2311",0,0
"LIJN","13:30","14:24","00:54",20101,0,0,0," ",0,"PRT","2311",0,0
"LIJN","14:24","14:39","00:15",30300,0,0,0," ",0,"PRT","2311",0,0
"LIJN","14:39","15:09","00:30",30301,0,0,0," ",0,"PRT","2311",0,0
"LIJN","15:09","16:07","00:58",20101,0,0,0," ",0,"PRT","2311",0,0
"LIJN","16:07","16:09","00:02",30300,0,0,0," ",0,"PRT","2311",0,0
"LIJN","16:09","16:54","00:45",20101,0,0,0," ",0,"PRT","2311",0,0
"LIJN","16:54","17:05","00:11",20201,0,0,0," ",0,"PRT","2311",0,0
"LIJN","17:05","17:20","00:15",30300,0,0,0," ",0,"PRT","2311",0,0
"LIJN","17:20","17:28","00:08",30301,0,0,0," ",0,"PRT","2311",0,0
"LIJN","17:28","18:28","01:00",20101,0,0,0," ",0,"PRT","2311",0,0
"LIJN","18:28","18:30","00:02",30300,0,0,0," ",0,"PRT","2311",0,0
"LIJN","18:30","19:23","00:53",20101,0,0,0," ",0,"PRT","2311",0,0
"LIJN","19:23","19:53","00:30",20201,0,0,0," ",0,"PRT","2311",0,0
"LIJN","19:53","20:03","00:10",20401,0,0,0," ",0,"PRT","2311",0,0
"LIJN","06:53","06:58","00:05",20301,0,0,0," ",0,"PRT","2312",0,0
"LIJN","06:58","07:00","00:02",20201,0,0,0," ",0,"PRT","2312",0,0
"LIJN","07:00","07:37","00:37",20101,0,0,0," ",0,"PRT","2312",0,0
"LIJN","07:37","07:40","00:03",30300,0,0,0," ",0,"PRT","2312",0,0
"LIJN","07:40","08:06","00:26",20101,0,0,0," ",0,"PRT","2312",0,0
"LIJN","08:06","08:08","00:02",30300,0,0,0," ",0,"PRT","2312",0,0
"LIJN","08:08","08:37","00:29",20101,0,0,0," ",0,"PRT","2312",0,0
"LIJN","08:37","08:57","00:20",20201,0,0,0," ",0,"PRT","2312",0,0
"LIJN","08:57","10:54","01:57",30201,0,0,1," ",0,"PRT","2312",0,0
"LIJN","10:54","11:09","00:15",20112,0,0,0," ",0,"PRT","2312",0,0
"LIJN","11:09","11:39","00:30",20201,0,0,0," ",0,"PRT","2312",0,0
"LIJN","11:39","12:32","00:53",20101,0,0,0," ",0,"PRT","2312",0,0
"LIJN","12:32","12:34","00:02",30300,0,0,0," ",0,"PRT","2312",0,0
"LIJN","12:34","13:14","00:40",20101,0,0,0," ",0,"PRT","2312",0,0
"LIJN","13:14","13:29","00:15",30300,0,0,0," ",0,"PRT","2312",0,0
"LIJN","13:29","13:48","00:19",30301,0,0,0," ",0,"PRT","2312",0,0
"LIJN","13:48","14:28","00:40",20101,0,0,0," ",0,"PRT","2312",0,0
"LIJN","14:28","14:30","00:02",30300,0,0,0," ",0,"PRT","2312",0,0
"LIJN","14:30","15:24","00:54",20101,0,0,0," ",0,"PRT","2312",0,0
"LIJN","15:24","15:39","00:15",30300,0,0,0," ",0,"PRT","2312",0,0
"LIJN","15:39","16:09","00:30",30301,0,0,0," ",0,"PRT","2312",0,0
"LIJN","16:09","16:21","00:12",30302,0,0,0," ",0,"PRT","2312",0,0
"LIJN","16:21","16:56","00:35",20101,0,0,0," ",0,"PRT","2312",0,0
"LIJN","16:56","16:58","00:02",20201,0,0,0," ",0,"PRT","2312",0,0
"LIJN","16:58","17:08","00:10",20401,0,0,0," ",0,"PRT","2312",0,0
"LIJN","07:03","07:08","00:05",20301,0,0,0," ",0,"PRT","2313",0,0
"LIJN","07:08","07:10","00:02",20201,0,0,0," ",0,"PRT","2313",0,0
"LIJN","07:10","07:38","00:28",20101,0,0,0," ",0,"PRT","2313",0,0
"LIJN","07:38","07:47","00:09",20201,0,0,0," ",0,"PRT","2313",0,0
"LIJN","07:47","07:58","00:11",30300,0,0,0," ",0,"PRT","2313",0,0
"LIJN","07:58","08:14","00:16",20101,0,0,0," ",0,"PRT","2313",0,0
"LIJN","08:14","08:34","00:20",20201,0,0,0," ",0,"PRT","2313",0,0
"LIJN","08:34","11:12","02:38",30201,0,0,1," ",0,"PRT","2313",0,0
"LIJN","11:12","11:27","00:15",20112,0,0,0," ",0,"PRT","2313",0,0
"LIJN","11:27","12:09","00:42",20201,0,0,0," ",0,"PRT","2313",0,0
"LIJN","12:09","12:43","00:34",20101,0,0,0," ",0,"PRT","2313",0,0
"LIJN","12:43","13:13","00:30",20201,0,0,0," ",0,"PRT","2313",0,0
"LIJN","13:13","13:28","00:15",30300,0,0,0," ",0,"PRT","2313",0,0
"LIJN","13:28","13:40","00:12",30301,0,0,0," ",0,"PRT","2313",0,0
"LIJN","13:40","14:33","00:53",20101,0,0,0," ",0,"PRT","2313",0,0
"LIJN","14:33","14:35","00:02",30300,0,0,0," ",0,"PRT","2313",0,0
"LIJN","14:35","15:15","00:40",20101,0,0,0," ",0,"PRT","2313",0,0
"LIJN","15:15","15:26","00:11",20201,0,0,0," ",0,"PRT","2313",0,0
"LIJN","15:26","15:41","00:15",30300,0,0,0," ",0,"PRT","2313",0,0
"LIJN","15:41","15:54","00:13",30301,0,0,0," ",0,"PRT","2313",0,0
"LIJN","15:54","16:53","00:59",20101,0,0,0," ",0,"PRT","2313",0,0
"LIJN","16:53","16:55","00:02",30300,0,0,0," ",0,"PRT","2313",0,0
"LIJN","16:55","17:55","01:00",20101,0,0,0," ",0,"PRT","2313",0,0
"LIJN","17:55","18:02","00:07",30300,0,0,0," ",0,"PRT","2313",0,0
"LIJN","18:02","19:01","00:59",20101,0,0,0," ",0,"PRT","2313",0,0
"LIJN","19:01","19:15","00:14",20201,0,0,0," ",0,"PRT","2313",0,0
"LIJN","19:15","19:25","00:10",20401,0,0,0," ",0,"PRT","2313",0,0
"LIJN","07:16","07:21","00:05",20301,0,0,0," ",0,"PRT","2314",0,0
"LIJN","07:21","07:26","00:05",20201,0,0,0," ",0,"PRT","2314",0,0
"LIJN","07:26","08:00","00:34",20101,0,0,0," ",0,"PRT","2314",0,0
"LIJN","08:00","08:15","00:15",20201,0,0,0," ",0,"PRT","2314",0,0
"LIJN","08:15","16:10","07:55",30201,0,0,1," ",0,"PRT","2314",0,0
"LIJN","16:10","16:25","00:15",20112,0,0,0," ",0,"PRT","2314",0,0
"LIJN","16:25","16:55","00:30",20201,0,0,0," ",0,"PRT","2314",0,0
"LIJN","16:55","17:30","00:35",20101,0,0,0," ",0,"PRT","2314",0,0
"LIJN","17:30","17:55","00:25",20201,0,0,0," ",0,"PRT","2314",0,0
"LIJN","17:55","18:08","00:13",30300,0,0,0," ",0,"PRT","2314",0,0
"LIJN","18:08","19:06","00:58",20101,0,0,0," ",0,"PRT","2314",0,0
"LIJN","19:06","19:08","00:02",30300,0,0,0," ",0,"PRT","2314",0,0
"LIJN","19:08","19:45","00:37",20101,0,0,0," ",0,"PRT","2314",0,0
"LIJN","19:45","20:00","00:15",30300,0,0,0," ",0,"PRT","2314",0,0
"LIJN","20:00","20:17","00:17",30301,0,0,0," ",0,"PRT","2314",0,0
"LIJN","20:17","20:52","00:35",20101,0,0,0," ",0,"PRT","2314",0,0
"LIJN","20:52","20:54","00:02",30300,0,0,0," ",0,"PRT","2314",0,0
"LIJN","20:54","21:40","00:46",20101,0,0,0," ",0,"PRT","2314",0,0
"LIJN","21:40","21:45","00:05",30300,0,0,0," ",0,"PRT","2314",0,0
"LIJN","21:45","22:30","00:45",20101,0,0,0," ",0,"PRT","2314",0,0
"LIJN","22:30","22:32","00:02",30300,0,0,0," ",0,"PRT","2314",0,0
"LIJN","22:32","23:07","00:35",20101,0,0,0," ",0,"PRT","2314",0,0
"LIJN","23:07","23:22","00:15",30300,0,0,0," ",0,"PRT","2314",0,0
"LIJN","23:22","23:29","00:07",30301,0,0,0," ",0,"PRT","2314",0,0
"LIJN","23:29","00:27","00:58",20101,0,0,0," ",0,"PRT","2314",0,1
"LIJN","00:27","00:29","00:02",20201,0,0,0," ",0,"PRT","2314",1,1
"LIJN","00:29","00:39","00:10",20401,0,0,0," ",0,"PRT","2314",1,1
"LIJN","11:55","12:00","00:05",20301,0,0,0," ",0,"PRT","2315",0,0
"LIJN","12:00","12:20","00:20",20201,0,0,0," ",0,"PRT","2315",0,0
"LIJN","12:20","12:52","00:32",20101,0,0,0," ",0,"PRT","2315",0,0
"LIJN","12:52","13:28","00:36",20201,0,0,0," ",0,"PRT","2315",0,0
"LIJN","13:28","17:56","04:28",30201,0,0,1," ",0,"PRT","2315",0,0
"LIJN","17:56","18:11","00:15",20112,0,0,0," ",0,"PRT","2315",0,0
"LIJN","18:11","18:41","00:30",20201,0,0,0," ",0,"PRT","2315",0,0
"LIJN","18:41","19:32","00:51",20101,0,0,0," ",0,"PRT","2315",0,0
"LIJN","19:32","19:34","00:02",30300,0,0,0," ",0,"PRT","2315",0,0
"LIJN","19:34","20:10","00:36",20101,0,0,0," ",0,"PRT","2315",0,0
"LIJN","20:10","20:25","00:15",30300,0,0,0," ",0,"PRT","2315",0,0
"LIJN","20:25","20:55","00:30",30301,0,0,0," ",0,"PRT","2315",0,0
"LIJN","20:55","21:23","00:28",30302,0,0,0," ",0,"PRT","2315",0,0
"LIJN","21:23","21:58","00:35",20101,0,0,0," ",0,"PRT","2315",0,0
"LIJN","21:58","22:00","00:02",30300,0,0,0," ",0,"PRT","2315",0,0
"LIJN","22:00","22:46","00:46",20101,0,0,0," ",0,"PRT","2315",0,0
"LIJN","22:46","22:52","00:06",30300,0,0,0," ",0,"PRT","2315",0,0
"LIJN","22:52","23:37","00:45",20101,0,0,0," ",0,"PRT","2315",0,0
"LIJN","23:37","00:14","00:37",20201,0,0,0," ",0,"PRT","2315",0,1
"LIJN","00:14","00:20","00:06",30300,0,0,0," ",0,"PRT","2315",1,1
"LIJN","00:20","01:18","00:58",20101,0,0,0," ",0,"PRT","2315",1,1
"LIJN","01:18","01:20","00:02",20201,0,0,0," ",0,"PRT","2315",1,1
"LIJN","01:20","01:30","00:10",20401,0,0,0," ",0,"PRT","2315",1,1
"LIJN","07:17","07:22","00:05",20301,0,0,0," ",0,"PRT","2316",0,0
"LIJN","07:22","07:24","00:02",20201,0,0,0," ",0,"PRT","2316",0,0
"LIJN","07:24","08:02","00:38",20101,0,0,0," ",0,"PRT","2316",0,0
"LIJN","08:02","08:22","00:20",20201,0,0,0," ",0,"PRT","2316",0,0
"LIJN","08:22","11:59","03:37",30201,0,0,1," ",0,"PRT","2316",0,0
"LIJN","11:59","12:14","00:15",20112,0,0,0," ",0,"PRT","2316",0,0
"LIJN","12:14","12:16","00:02",20201,0,0,0," ",0,"PRT","2316",0,0
"LIJN","12:16","13:26","01:10",20101,0,0,0," ",0,"PRT","2316",0,0
"LIJN","13:26","14:08","00:42",20201,0,0,0," ",0,"PRT","2316",0,0
"LIJN","14:08","14:18","00:10",20401,0,0,0," ",0,"PRT","2316",0,0
"LIJN","07:17","07:22","00:05",20301,0,0,0," ",0,"PRT","2514",0,0
"LIJN","07:22","07:24","00:02",20201,0,0,0," ",0,"PRT","2514",0,0
"LIJN","07:24","08:02","00:38",20101,0,0,0," ",0,"PRT","2514",0,0
"LIJN","08:02","08:22","00:20",20201,0,0,0," ",0,"PRT","2514",0,0
"LIJN","08:22","15:18","06:56",30201,0,0,1," ",0,"PRT","2514",0,0
"LIJN","15:18","15:33","00:15",20112,0,0,0," ",0,"PRT","2514",0,0
"LIJN","15:33","15:50","00:17",20201,0,0,0," ",0,"PRT","2514",0,0
"LIJN","15:50","16:09","00:19",20101,0,0,0," ",0,"PRT","2514",0,0
"LIJN","16:09","16:21","00:12",20201,0,0,0," ",0,"PRT","2514",0,0
"LIJN","16:21","16:30","00:09",30300,0,0,0," ",0,"PRT","2514",0,0
"LIJN","16:30","17:48","01:18",20101,0,0,0," ",0,"PRT","2514",0,0
"LIJN","17:48","18:30","00:42",20201,0,0,0," ",0,"PRT","2514",0,0
"LIJN","18:30","18:40","00:10",20401,0,0,0," ",0,"PRT","2514",0,0
"LIJN","07:03","07:08","00:05",20301,0,0,0," ",0,"PRT","2515",0,0
"LIJN","07:08","07:10","00:02",20201,0,0,0," ",0,"PRT","2515",0,0
"LIJN","07:10","07:38","00:28",20101,0,0,0," ",0,"PRT","2515",0,0
"LIJN","07:38","07:47","00:09",20201,0,0,0," ",0,"PRT","2515",0,0
"LIJN","07:47","07:58","00:11",30300,0,0,0," ",0,"PRT","2515",0,0
"LIJN","07:58","08:14","00:16",20101,0,0,0," ",0,"PRT","2515",0,0
"LIJN","08:14","08:34","00:20",20201,0,0,0," ",0,"PRT","2515",0,0
"LIJN","08:34","14:58","06:24",30201,0,0,1," ",0,"PRT","2515",0,0
"LIJN","14:58","15:13","00:15",20112,0,0,0," ",0,"PRT","2515",0,0
"LIJN","15:13","15:48","00:35",20201,0,0,0," ",0,"PRT","2515",0,0
"LIJN","15:48","16:24","00:36",20101,0,0,0," ",0,"PRT","2515",0,0
"LIJN","16:24","16:29","00:05",30300,0,0,0," ",0,"PRT","2515",0,0
"LIJN","16:29","17:05","00:36",20101,0,0,0," ",0,"PRT","2515",0,0
"LIJN","17:05","17:09","00:04",30300,0,0,0," ",0,"PRT","2515",0,0
"LIJN","17:09","17:58","00:49",20101,0,0,0," ",0,"PRT","2515",0,0
"LIJN","17:58","18:13","00:15",30300,0,0,0," ",0,"PRT","2515",0,0
"LIJN","18:13","18:43","00:30",30301,0,0,0," ",0,"PRT","2515",0,0
"LIJN","18:43","18:45","00:02",30302,0,0,0," ",0,"PRT","2515",0,0
"LIJN","18:45","19:09","00:24",20101,0,0,0," ",0,"PRT","2515",0,0
"LIJN","19:09","19:35","00:26",20201,0,0,0," ",0,"PRT","2515",0,0
"LIJN","19:35","19:49","00:14",30300,0,0,0," ",0,"PRT","2515",0,0
"LIJN","19:49","20:34","00:45",20101,0,0,0," ",0,"PRT","2515",0,0
"LIJN","20:34","20:36","00:02",30300,0,0,0," ",0,"PRT","2515",0,0
"LIJN","20:36","21:11","00:35",20101,0,0,0," ",0,"PRT","2515",0,0
"LIJN","21:11","21:55","00:44",20201,0,0,0," ",0,"PRT","2515",0,0
"LIJN","21:55","00:10","02:15",30202,0,0,0," ",0,"PRT","2515",0,1
"LIJN","00:10","00:13","00:03",20201,0,0,0," ",0,"PRT","2515",1,1
"LIJN","00:13","00:40","00:27",20101,0,0,0," ",0,"PRT","2515",1,1
"LIJN","00:40","00:42","00:02",30300,0,0,0," ",0,"PRT","2515",1,1
"LIJN","00:42","01:08","00:26",20101,0,0,0," ",0,"PRT","2515",1,1
"LIJN","01:08","01:10","00:02",20201,0,0,0," ",0,"PRT","2515",1,1
"LIJN","01:10","01:20","00:10",20401,0,0,0," ",0,"PRT","2515",1,1
"LIJN","16:19","16:24","00:05",20301,0,0,0," ",0,"PRT","2517",0,0
"LIJN","16:24","16:38","00:14",20201,0,0,0," ",0,"PRT","2517",0,0
"LIJN","16:38","17:38","01:00",20101,0,0,0," ",0,"PRT","2517",0,0
"LIJN","17:38","17:53","00:15",30300,0,0,0," ",0,"PRT","2517",0,0
"LIJN","17:53","18:08","00:15",30301,0,0,0," ",0,"PRT","2517",0,0
"LIJN","18:08","19:06","00:58",20101,0,0,0," ",0,"PRT","2517",0,0
"LIJN","19:06","19:08","00:02",30300,0,0,0," ",0,"PRT","2517",0,0
"LIJN","19:08","19:45","00:37",20101,0,0,0," ",0,"PRT","2517",0,0
"LIJN","19:45","20:00","00:15",30300,0,0,0," ",0,"PRT","2517",0,0
"LIJN","20:00","20:17","00:17",30301,0,0,0," ",0,"PRT","2517",0,0
"LIJN","20:17","20:52","00:35",20101,0,0,0," ",0,"PRT","2517",0,0
"LIJN","20:52","20:54","00:02",30300,0,0,0," ",0,"PRT","2517",0,0
"LIJN","20:54","21:40","00:46",20101,0,0,0," ",0,"PRT","2517",0,0
"LIJN","21:40","21:45","00:05",30300,0,0,0," ",0,"PRT","2517",0,0
"LIJN","21:45","22:30","00:45",20101,0,0,0," ",0,"PRT","2517",0,0
"LIJN","22:30","22:32","00:02",30300,0,0,0," ",0,"PRT","2517",0,0
"LIJN","22:32","23:07","00:35",20101,0,0,0," ",0,"PRT","2517",0,0
"LIJN","23:07","23:22","00:15",30300,0,0,0," ",0,"PRT","2517",0,0
"LIJN","23:22","23:29","00:07",30301,0,0,0," ",0,"PRT","2517",0,0
"LIJN","23:29","00:27","00:58",20101,0,0,0," ",0,"PRT","2517",0,1
"LIJN","00:27","00:29","00:02",20201,0,0,0," ",0,"PRT","2517",1,1
"LIJN","00:29","00:39","00:10",30300,0,0,0," ",0,"PRT","2517",1,1
"LIJN","00:39","01:20","00:41",20201,0,0,0," ",0,"PRT","2517",1,1
"LIJN","01:20","02:18","00:58",20101,0,0,0," ",0,"PRT","2517",1,1
"LIJN","02:18","02:20","00:02",20201,0,0,0," ",0,"PRT","2517",1,1
"LIJN","02:20","02:30","00:10",20401,0,0,0," ",0,"PRT","2517",1,1
"LIJN","05:38","05:43","00:05",20301,0,0,0," ",0,"PRT","2601",0,0
"LIJN","05:43","06:24","00:41",20201,0,0,0," ",0,"PRT","2601",0,0
"LIJN","06:24","06:59","00:35",20101,0,0,0," ",0,"PRT","2601",0,0
"LIJN","06:59","07:01","00:02",30300,0,0,0," ",0,"PRT","2601",0,0
"LIJN","07:01","07:51","00:50",20101,0,0,0," ",0,"PRT","2601",0,0
"LIJN","07:51","08:06","00:15",30300,0,0,0," ",0,"PRT","2601",0,0
"LIJN","08:06","08:36","00:30",30301,0,0,0," ",0,"PRT","2601",0,0
"LIJN","08:36","08:39","00:03",30302,0,0,0," ",0,"PRT","2601",0,0
"LIJN","08:39","09:30","00:51",20101,0,0,0," ",0,"PRT","2601",0,0
"LIJN","09:30","09:32","00:02",30300,0,0,0," ",0,"PRT","2601",0,0
"LIJN","09:32","10:10","00:38",20101,0,0,0," ",0,"PRT","2601",0,0
"LIJN","10:10","10:25","00:15",30300,0,0,0," ",0,"PRT","2601",0,0
"LIJN","10:25","10:45","00:20",30301,0,0,0," ",0,"PRT","2601",0,0
"LIJN","10:45","11:22","00:37",20101,0,0,0," ",0,"PRT","2601",0,0
"LIJN","11:22","11:24","00:02",30300,0,0,0," ",0,"PRT","2601",0,0
"LIJN","11:24","12:20","00:56",20101,0,0,0," ",0,"PRT","2601",0,0
"LIJN","12:20","12:50","00:30",20201,0,0,0," ",0,"PRT","2601",0,0
"LIJN","12:50","13:00","00:10",20401,0,0,0," ",0,"PRT","2601",0,0
"LIJN","06:04","06:09","00:05",20301,0,0,0," ",0,"PRT","2602",0,0
"LIJN","06:09","06:39","00:30",20201,0,0,0," ",0,"PRT","2602",0,0
"LIJN","06:39","07:25","00:46",20101,0,0,0," ",0,"PRT","2602",0,0
"LIJN","07:25","07:27","00:02",30300,0,0,0," ",0,"PRT","2602",0,0
"LIJN","07:27","08:05","00:38",20101,0,0,0," ",0,"PRT","2602",0,0
"LIJN","08:05","08:20","00:15",30300,0,0,0," ",0,"PRT","2602",0,0
"LIJN","08:20","08:45","00:25",30301,0,0,0," ",0,"PRT","2602",0,0
"LIJN","08:45","09:22","00:37",20101,0,0,0," ",0,"PRT","2602",0,0
"LIJN","09:22","09:24","00:02",30300,0,0,0," ",0,"PRT","2602",0,0
"LIJN","09:24","10:20","00:56",20101,0,0,0," ",0,"PRT","2602",0,0
"LIJN","10:20","10:50","00:30",20201,0,0,0," ",0,"PRT","2602",0,0
"LIJN","10:50","11:00","00:10",20401,0,0,0," ",0,"PRT","2602",0,0
"LIJN","06:33","06:38","00:05",20301,0,0,0," ",0,"PRT","2603",0,0
"LIJN","06:38","07:19","00:41",20201,0,0,0," ",0,"PRT","2603",0,0
"LIJN","07:19","07:55","00:36",20101,0,0,0," ",0,"PRT","2603",0,0
"LIJN","07:55","07:57","00:02",30300,0,0,0," ",0,"PRT","2603",0,0
"LIJN","07:57","08:51","00:54",20101,0,0,0," ",0,"PRT","2603",0,0
"LIJN","08:51","09:06","00:15",30300,0,0,0," ",0,"PRT","2603",0,0
"LIJN","09:06","09:11","00:05",30301,0,0,0," ",0,"PRT","2603",0,0
"LIJN","09:11","10:02","00:51",20101,0,0,0," ",0,"PRT","2603",0,0
"LIJN","10:02","10:04","00:02",30300,0,0,0," ",0,"PRT","2603",0,0
"LIJN","10:04","10:42","00:38",20101,0,0,0," ",0,"PRT","2603",0,0
"LIJN","10:42","10:57","00:15",30300,0,0,0," ",0,"PRT","2603",0,0
"LIJN","10:57","11:15","00:18",30301,0,0,0," ",0,"PRT","2603",0,0
"LIJN","11:15","11:52","00:37",20101,0,0,0," ",0,"PRT","2603",0,0
"LIJN","11:52","11:54","00:02",30300,0,0,0," ",0,"PRT","2603",0,0
"LIJN","11:54","12:52","00:58",20101,0,0,0," ",0,"PRT","2603",0,0
"LIJN","12:52","13:07","00:15",30300,0,0,0," ",0,"PRT","2603",0,0
"LIJN","13:07","13:12","00:05",30301,0,0,0," ",0,"PRT","2603",0,0
"LIJN","13:12","14:04","00:52",20101,0,0,0," ",0,"PRT","2603",0,0
"LIJN","14:04","14:06","00:02",30300,0,0,0," ",0,"PRT","2603",0,0
"LIJN","14:06","14:44","00:38",20101,0,0,0," ",0,"PRT","2603",0,0
"LIJN","14:44","14:59","00:15",30300,0,0,0," ",0,"PRT","2603",0,0
"LIJN","14:59","15:16","00:17",30301,0,0,0," ",0,"PRT","2603",0,0
"LIJN","15:16","15:53","00:37",20101,0,0,0," ",0,"PRT","2603",0,0
"LIJN","15:53","16:07","00:14",20201,0,0,0," ",0,"PRT","2603",0,0
"LIJN","16:07","16:17","00:10",20401,0,0,0," ",0,"PRT","2603",0,0
"LIJN","08:25","08:30","00:05",20301,0,0,0," ",0,"PRT","2604",0,0
"LIJN","08:30","08:35","00:05",20201,0,0,0," ",0,"PRT","2604",0,0
"LIJN","08:35","09:38","01:03",20101,0,0,0," ",0,"PRT","2604",0,0
"LIJN","09:38","09:53","00:15",30300,0,0,0," ",0,"PRT","2604",0,0
"LIJN","09:53","10:16","00:23",30301,0,0,0," ",0,"PRT","2604",0,0
"LIJN","10:16","10:53","00:37",20101,0,0,0," ",0,"PRT","2604",0,0
"LIJN","10:53","10:55","00:02",30300,0,0,0," ",0,"PRT","2604",0,0
"LIJN","10:55","11:51","00:56",20101,0,0,0," ",0,"PRT","2604",0,0
"LIJN","11:51","12:06","00:15",30300,0,0,0," ",0,"PRT","2604",0,0
"LIJN","12:06","12:36","00:30",30301,0,0,0," ",0,"PRT","2604",0,0
"LIJN","12:36","12:41","00:05",30302,0,0,0," ",0,"PRT","2604",0,0
"LIJN","12:41","13:33","00:52",20101,0,0,0," ",0,"PRT","2604",0,0
"LIJN","13:33","13:35","00:02",30300,0,0,0," ",0,"PRT","2604",0,0
"LIJN","13:35","14:13","00:38",20101,0,0,0," ",0,"PRT","2604",0,0
"LIJN","14:13","14:28","00:15",30300,0,0,0," ",0,"PRT","2604",0,0
"LIJN","14:28","14:45","00:17",30301,0,0,0," ",0,"PRT","2604",0,0
"LIJN","14:45","15:22","00:37",20101,0,0,0," ",0,"PRT","2604",0,0
"LIJN","15:22","15:24","00:02",30300,0,0,0," ",0,"PRT","2604",0,0
"LIJN","15:24","16:22","00:58",20101,0,0,0," ",0,"PRT","2604",0,0
"LIJN","16:22","16:37","00:15",30300,0,0,0," ",0,"PRT","2604",0,0
"LIJN","16:37","16:42","00:05",30301,0,0,0," ",0,"PRT","2604",0,0
"LIJN","16:42","17:34","00:52",20101,0,0,0," ",0,"PRT","2604",0,0
"LIJN","17:34","17:36","00:02",30300,0,0,0," ",0,"PRT","2604",0,0
"LIJN","17:36","18:14","00:38",20101,0,0,0," ",0,"PRT","2604",0,0
"LIJN","18:14","18:58","00:44",20201,0,0,0," ",0,"PRT","2604",0,0
"LIJN","18:58","19:08","00:10",20401,0,0,0," ",0,"PRT","2604",0,0
"LIJN","12:29","12:34","00:05",20301,0,0,0," ",0,"PRT","2605",0,0
"LIJN","12:34","13:15","00:41",20201,0,0,0," ",0,"PRT","2605",0,0
"LIJN","13:15","13:52","00:37",20101,0,0,0," ",0,"PRT","2605",0,0
"LIJN","13:52","13:54","00:02",30300,0,0,0," ",0,"PRT","2605",0,0
"LIJN","13:54","14:52","00:58",20101,0,0,0," ",0,"PRT","2605",0,0
"LIJN","14:52","15:07","00:15",30300,0,0,0," ",0,"PRT","2605",0,0
"LIJN","15:07","15:12","00:05",30301,0,0,0," ",0,"PRT","2605",0,0
"LIJN","15:12","16:04","00:52",20101,0,0,0," ",0,"PRT","2605",0,0
"LIJN","16:04","16:06","00:02",30300,0,0,0," ",0,"PRT","2605",0,0
"LIJN","16:06","16:44","00:38",20101,0,0,0," ",0,"PRT","2605",0,0
"LIJN","16:44","16:59","00:15",30300,0,0,0," ",0,"PRT","2605",0,0
"LIJN","16:59","17:18","00:19",30301,0,0,0," ",0,"PRT","2605",0,0
"LIJN","17:18","17:55","00:37",20101,0,0,0," ",0,"PRT","2605",0,0
"LIJN","17:55","17:57","00:02",30300,0,0,0," ",0,"PRT","2605",0,0
"LIJN","17:57","18:52","00:55",20101,0,0,0," ",0,"PRT","2605",0,0
"LIJN","18:52","19:07","00:15",30300,0,0,0," ",0,"PRT","2605",0,0
"LIJN","19:07","19:12","00:05",30301,0,0,0," ",0,"PRT","2605",0,0
"LIJN","19:12","20:00","00:48",20101,0,0,0," ",0,"PRT","2605",0,0
"LIJN","20:00","20:14","00:14",20201,0,0,0," ",0,"PRT","2605",0,0
"LIJN","20:14","20:24","00:10",20401,0,0,0," ",0,"PRT","2605",0,0
"LIJN","13:05","13:10","00:05",20301,0,0,0," ",0,"PRT","2606",0,0
"LIJN","13:10","13:40","00:30",20201,0,0,0," ",0,"PRT","2606",0,0
"LIJN","13:40","14:32","00:52",20101,0,0,0," ",0,"PRT","2606",0,0
"LIJN","14:32","14:34","00:02",30300,0,0,0," ",0,"PRT","2606",0,0
"LIJN","14:34","15:12","00:38",20101,0,0,0," ",0,"PRT","2606",0,0
"LIJN","15:12","15:27","00:15",30300,0,0,0," ",0,"PRT","2606",0,0
"LIJN","15:27","15:45","00:18",30301,0,0,0," ",0,"PRT","2606",0,0
"LIJN","15:45","16:22","00:37",20101,0,0,0," ",0,"PRT","2606",0,0
"LIJN","16:22","16:24","00:02",30300,0,0,0," ",0,"PRT","2606",0,0
"LIJN","16:24","17:22","00:58",20101,0,0,0," ",0,"PRT","2606",0,0
"LIJN","17:22","17:37","00:15",30300,0,0,0," ",0,"PRT","2606",0,0
"LIJN","17:37","17:42","00:05",30301,0,0,0," ",0,"PRT","2606",0,0
"LIJN","17:42","18:34","00:52",20101,0,0,0," ",0,"PRT","2606",0,0
"LIJN","18:34","18:36","00:02",30300,0,0,0," ",0,"PRT","2606",0,0
"LIJN","18:36","19:14","00:38",20101,0,0,0," ",0,"PRT","2606",0,0
"LIJN","19:14","19:29","00:15",30300,0,0,0," ",0,"PRT","2606",0,0
"LIJN","19:29","19:59","00:30",30301,0,0,0," ",0,"PRT","2606",0,0
"LIJN","19:59","20:19","00:20",30302,0,0,0," ",0,"PRT","2606",0,0
"LIJN","20:19","20:54","00:35",20101,0,0,0," ",0,"PRT","2606",0,0
"LIJN","20:54","20:56","00:02",30300,0,0,0," ",0,"PRT","2606",0,0
"LIJN","20:56","21:43","00:47",20101,0,0,0," ",0,"PRT","2606",0,0
"LIJN","21:43","22:13","00:30",20201,0,0,0," ",0,"PRT","2606",0,0
"LIJN","22:13","22:23","00:10",20401,0,0,0," ",0,"PRT","2606",0,0
"LIJN","15:36","15:41","00:05",20301,0,0,0," ",0,"PRT","2607",0,0
"LIJN","15:41","15:55","00:14",20201,0,0,0," ",0,"PRT","2607",0,0
"LIJN","15:55","16:53","00:58",20101,0,0,0," ",0,"PRT","2607",0,0
"LIJN","16:53","17:08","00:15",30300,0,0,0," ",0,"PRT","2607",0,0
"LIJN","17:08","17:13","00:05",30301,0,0,0," ",0,"PRT","2607",0,0
"LIJN","17:13","18:05","00:52",20101,0,0,0," ",0,"PRT","2607",0,0
"LIJN","18:05","18:07","00:02",30300,0,0,0," ",0,"PRT","2607",0,0
"LIJN","18:07","18:45","00:38",20101,0,0,0," ",0,"PRT","2607",0,0
"LIJN","18:45","19:00","00:15",30300,0,0,0," ",0,"PRT","2607",0,0
"LIJN","19:00","19:17","00:17",30301,0,0,0," ",0,"PRT","2607",0,0
"LIJN","19:17","19:52","00:35",20101,0,0,0," ",0,"PRT","2607",0,0
"LIJN","19:52","19:54","00:02",30300,0,0,0," ",0,"PRT","2607",0,0
"LIJN","19:54","20:42","00:48",20101,0,0,0," ",0,"PRT","2607",0,0
"LIJN","20:42","20:57","00:15",30300,0,0,0," ",0,"PRT","2607",0,0
"LIJN","20:57","21:27","00:30",30301,0,0,0," ",0,"PRT","2607",0,0
"LIJN","21:27","21:42","00:15",30302,0,0,0," ",0,"PRT","2607",0,0
"LIJN","21:42","22:28","00:46",20101,0,0,0," ",0,"PRT","2607",0,0
"LIJN","22:28","22:30","00:02",30300,0,0,0," ",0,"PRT","2607",0,0
"LIJN","22:30","23:07","00:37",20101,0,0,0," ",0,"PRT","2607",0,0
"LIJN","23:07","23:22","00:15",30300,0,0,0," ",0,"PRT","2607",0,0
"LIJN","23:22","23:52","00:30",30301,0,0,0," ",0,"PRT","2607",0,0
"LIJN","23:52","00:18","00:26",30302,0,0,0," ",0,"PRT","2607",0,0
"LIJN","00:18","00:53","00:35",20101,0,0,0," ",0,"PRT","2607",1,1
"LIJN","00:53","00:55","00:02",30300,0,0,0," ",0,"PRT","2607",1,1
"LIJN","00:55","01:42","00:47",20101,0,0,0," ",0,"PRT","2607",1,1
"LIJN","01:42","01:48","00:06",30300,0,0,0," ",0,"PRT","2607",1,1
"LIJN","01:48","02:14","00:26",20101,0,0,0," ",0,"PRT","2607",1,1
"LIJN","02:14","02:16","00:02",20201,0,0,0," ",0,"PRT","2607",1,1
"LIJN","02:16","02:26","00:10",20401,0,0,0," ",0,"PRT","2607",1,1
"LIJN","17:06","17:11","00:05",20301,0,0,0," ",0,"PRT","2608",0,0
"LIJN","17:11","17:52","00:41",20201,0,0,0," ",0,"PRT","2608",0,0
"LIJN","17:52","18:29","00:37",20101,0,0,0," ",0,"PRT","2608",0,0
"LIJN","18:29","18:31","00:02",30300,0,0,0," ",0,"PRT","2608",0,0
"LIJN","18:31","19:22","00:51",20101,0,0,0," ",0,"PRT","2608",0,0
"LIJN","19:22","19:37","00:15",30300,0,0,0," ",0,"PRT","2608",0,0
"LIJN","19:37","19:42","00:05",30301,0,0,0," ",0,"PRT","2608",0,0
"LIJN","19:42","20:29","00:47",20101,0,0,0," ",0,"PRT","2608",0,0
"LIJN","20:29","20:31","00:02",30300,0,0,0," ",0,"PRT","2608",0,0
"LIJN","20:31","21:08","00:37",20101,0,0,0," ",0,"PRT","2608",0,0
"LIJN","21:08","21:23","00:15",30300,0,0,0," ",0,"PRT","2608",0,0
"LIJN","21:23","21:53","00:30",30301,0,0,0," ",0,"PRT","2608",0,0
"LIJN","21:53","22:18","00:25",30302,0,0,0," ",0,"PRT","2608",0,0
"LIJN","22:18","22:53","00:35",20101,0,0,0," ",0,"PRT","2608",0,0
"LIJN","22:53","22:55","00:02",30300,0,0,0," ",0,"PRT","2608",0,0
"LIJN","22:55","23:42","00:47",20101,0,0,0," ",0,"PRT","2608",0,0
"LIJN","23:42","23:48","00:06",30300,0,0,0," ",0,"PRT","2608",0,0
"LIJN","23:48","00:34","00:46",20101,0,0,0," ",0,"PRT","2608",0,1
"LIJN","00:34","01:11","00:37",20201,0,0,0," ",0,"PRT","2608",1,1
"LIJN","01:11","01:20","00:09",30300,0,0,0," ",0,"PRT","2608",1,1
"LIJN","01:20","02:18","00:58",20101,0,0,0," ",0,"PRT","2608",1,1
"LIJN","02:18","02:20","00:02",20201,0,0,0," ",0,"PRT","2608",1,1
"LIJN","02:20","02:30","00:10",20401,0,0,0," ",0,"PRT","2608",1,1
"LIJN","05:38","05:43","00:05",20301,0,0,0," ",0,"PRT","2701",0,0
"LIJN","05:43","06:24","00:41",20201,0,0,0," ",0,"PRT","2701",0,0
"LIJN","06:24","06:59","00:35",20101,0,0,0," ",0,"PRT","2701",0,0
"LIJN","06:59","07:01","00:02",30300,0,0,0," ",0,"PRT","2701",0,0
"LIJN","07:01","07:50","00:49",20101,0,0,0," ",0,"PRT","2701",0,0
"LIJN","07:50","08:05","00:15",30300,0,0,0," ",0,"PRT","2701",0,0
"LIJN","08:05","08:35","00:30",30301,0,0,0," ",0,"PRT","2701",0,0
"LIJN","08:35","08:38","00:03",30302,0,0,0," ",0,"PRT","2701",0,0
"LIJN","08:38","09:29","00:51",20101,0,0,0," ",0,"PRT","2701",0,0
"LIJN","09:29","09:31","00:02",30300,0,0,0," ",0,"PRT","2701",0,0
"LIJN","09:31","10:09","00:38",20101,0,0,0," ",0,"PRT","2701",0,0
"LIJN","10:09","10:22","00:13",30300,0,0,0," ",0,"PRT","2701",0,0
"LIJN","10:22","10:59","00:37",20101,0,0,0," ",0,"PRT","2701",0,0
"LIJN","10:59","11:01","00:02",30300,0,0,0," ",0,"PRT","2701",0,0
"LIJN","11:01","11:52","00:51",20101,0,0,0," ",0,"PRT","2701",0,0
"LIJN","11:52","12:22","00:30",20201,0,0,0," ",0,"PRT","2701",0,0
"LIJN","12:22","12:32","00:10",20401,0,0,0," ",0,"PRT","2701",0,0
"LIJN","06:47","06:52","00:05",20301,0,0,0," ",0,"PRT","2702",0,0
"LIJN","06:52","06:57","00:05",20201,0,0,0," ",0,"PRT","2702",0,0
"LIJN","06:57","07:57","01:00",20101,0,0,0," ",0,"PRT","2702",0,0
"LIJN","07:57","08:12","00:15",30300,0,0,0," ",0,"PRT","2702",0,0
"LIJN","08:12","08:22","00:10",30301,0,0,0," ",0,"PRT","2702",0,0
"LIJN","08:22","08:59","00:37",20101,0,0,0," ",0,"PRT","2702",0,0
"LIJN","08:59","09:01","00:02",30300,0,0,0," ",0,"PRT","2702",0,0
"LIJN","09:01","09:52","00:51",20101,0,0,0," ",0,"PRT","2702",0,0
"LIJN","09:52","10:07","00:15",30300,0,0,0," ",0,"PRT","2702",0,0
"LIJN","10:07","10:37","00:30",30301,0,0,0," ",0,"PRT","2702",0,0
"LIJN","10:37","10:38","00:01",30302,0,0,0," ",0,"PRT","2702",0,0
"LIJN","10:38","11:29","00:51",20101,0,0,0," ",0,"PRT","2702",0,0
"LIJN","11:29","11:31","00:02",30300,0,0,0," ",0,"PRT","2702",0,0
"LIJN","11:31","12:09","00:38",20101,0,0,0," ",0,"PRT","2702",0,0
"LIJN","12:09","12:22","00:13",30300,0,0,0," ",0,"PRT","2702",0,0
"LIJN","12:22","12:59","00:37",20101,0,0,0," ",0,"PRT","2702",0,0
"LIJN","12:59","13:01","00:02",30300,0,0,0," ",0,"PRT","2702",0,0
"LIJN","13:01","13:53","00:52",20101,0,0,0," ",0,"PRT","2702",0,0
"LIJN","13:53","14:23","00:30",20201,0,0,0," ",0,"PRT","2702",0,0
"LIJN","14:23","14:33","00:10",20401,0,0,0," ",0,"PRT","2702",0,0
"LIJN","12:03","12:08","00:05",20301,0,0,0," ",0,"PRT","2703",0,0
"LIJN","12:08","12:38","00:30",20201,0,0,0," ",0,"PRT","2703",0,0
"LIJN","12:38","13:29","00:51",20101,0,0,0," ",0,"PRT","2703",0,0
"LIJN","13:29","13:31","00:02",30300,0,0,0," ",0,"PRT","2703",0,0
"LIJN","13:31","14:09","00:38",20101,0,0,0," ",0,"PRT","2703",0,0
"LIJN","14:09","14:22","00:13",30300,0,0,0," ",0,"PRT","2703",0,0
"LIJN","14:22","14:59","00:37",20101,0,0,0," ",0,"PRT","2703",0,0
"LIJN","14:59","15:01","00:02",30300,0,0,0," ",0,"PRT","2703",0,0
"LIJN","15:01","15:53","00:52",20101,0,0,0," ",0,"PRT","2703",0,0
"LIJN","15:53","16:08","00:15",30300,0,0,0," ",0,"PRT","2703",0,0
"LIJN","16:08","16:38","00:30",30301,0,0,0," ",0,"PRT","2703",0,0
"LIJN","16:38","16:39","00:01",30302,0,0,0," ",0,"PRT","2703",0,0
"LIJN","16:39","17:30","00:51",20101,0,0,0," ",0,"PRT","2703",0,0
"LIJN","17:30","17:32","00:02",30300,0,0,0," ",0,"PRT","2703",0,0
"LIJN","17:32","18:10","00:38",20101,0,0,0," ",0,"PRT","2703",0,0
"LIJN","18:10","18:54","00:44",20201,0,0,0," ",0,"PRT","2703",0,0
"LIJN","18:54","19:04","00:10",20401,0,0,0," ",0,"PRT","2703",0,0
"LIJN","14:03","14:08","00:05",20301,0,0,0," ",0,"PRT","2704",0,0
"LIJN","14:08","14:38","00:30",20201,0,0,0," ",0,"PRT","2704",0,0
"LIJN","14:38","15:29","00:51",20101,0,0,0," ",0,"PRT","2704",0,0
"LIJN","15:29","15:31","00:02",30300,0,0,0," ",0,"PRT","2704",0,0
"LIJN","15:31","16:09","00:38",20101,0,0,0," ",0,"PRT","2704",0,0
"LIJN","16:09","16:22","00:13",30300,0,0,0," ",0,"PRT","2704",0,0
"LIJN","16:22","16:59","00:37",20101,0,0,0," ",0,"PRT","2704",0,0
"LIJN","16:59","17:01","00:02",30300,0,0,0," ",0,"PRT","2704",0,0
"LIJN","17:01","17:53","00:52",20101,0,0,0," ",0,"PRT","2704",0,0
"LIJN","17:53","18:08","00:15",30300,0,0,0," ",0,"PRT","2704",0,0
"LIJN","18:08","18:38","00:30",30301,0,0,0," ",0,"PRT","2704",0,0
"LIJN","18:38","19:29","00:51",20101,0,0,0," ",0,"PRT","2704",0,0
"LIJN","19:29","19:31","00:02",30300,0,0,0," ",0,"PRT","2704",0,0
"LIJN","19:31","20:08","00:37",20101,0,0,0," ",0,"PRT","2704",0,0
"LIJN","20:08","20:22","00:14",30300,0,0,0," ",0,"PRT","2704",0,0
"LIJN","20:22","20:57","00:35",20101,0,0,0," ",0,"PRT","2704",0,0
"LIJN","20:57","20:59","00:02",30300,0,0,0," ",0,"PRT","2704",0,0
"LIJN","20:59","21:47","00:48",20101,0,0,0," ",0,"PRT","2704",0,0
"LIJN","21:47","22:17","00:30",20201,0,0,0," ",0,"PRT","2704",0,0
"LIJN","22:17","22:27","00:10",20401,0,0,0," ",0,"PRT","2704",0,0
"LIJN","14:36","14:41","00:05",20301,0,0,0," ",0,"PRT","2705",0,0
"LIJN","14:41","15:22","00:41",20201,0,0,0," ",0,"PRT","2705",0,0
"LIJN","15:22","15:59","00:37",20101,0,0,0," ",0,"PRT","2705",0,0
"LIJN","15:59","16:01","00:02",30300,0,0,0," ",0,"PRT","2705",0,0
"LIJN","16:01","16:53","00:52",20101,0,0,0," ",0,"PRT","2705",0,0
"LIJN","16:53","17:08","00:15",30300,0,0,0," ",0,"PRT","2705",0,0
"LIJN","17:08","17:38","00:30",30301,0,0,0," ",0,"PRT","2705",0,0
"LIJN","17:38","18:29","00:51",20101,0,0,0," ",0,"PRT","2705",0,0
"LIJN","18:29","18:31","00:02",30300,0,0,0," ",0,"PRT","2705",0,0
"LIJN","18:31","19:08","00:37",20101,0,0,0," ",0,"PRT","2705",0,0
"LIJN","19:08","19:22","00:14",30300,0,0,0," ",0,"PRT","2705",0,0
"LIJN","19:22","19:57","00:35",20101,0,0,0," ",0,"PRT","2705",0,0
"LIJN","19:57","19:59","00:02",30300,0,0,0," ",0,"PRT","2705",0,0
"LIJN","19:59","20:47","00:48",20101,0,0,0," ",0,"PRT","2705",0,0
"LIJN","20:47","21:02","00:15",30300,0,0,0," ",0,"PRT","2705",0,0
"LIJN","21:02","21:32","00:30",30301,0,0,0," ",0,"PRT","2705",0,0
"LIJN","21:32","21:41","00:09",30302,0,0,0," ",0,"PRT","2705",0,0
"LIJN","21:41","22:27","00:46",20101,0,0,0," ",0,"PRT","2705",0,0
"LIJN","22:27","22:29","00:02",30300,0,0,0," ",0,"PRT","2705",0,0
"LIJN","22:29","23:04","00:35",20101,0,0,0," ",0,"PRT","2705",0,0
"LIJN","23:04","23:19","00:15",30300,0,0,0," ",0,"PRT","2705",0,0
"LIJN","23:19","00:18","00:59",20101,0,0,0," ",0,"PRT","2705",0,1
"LIJN","00:18","00:20","00:02",20201,0,0,0," ",0,"PRT","2705",1,1
"LIJN","00:20","00:30","00:10",20401,0,0,0," ",0,"PRT","2705",1,1
"LIJN","04:20","04:25","00:05",20301,0,0,0," ",0,"PRT","4101",0,0
"LIJN","04:25","04:30","00:05",20201,0,0,0," ",0,"PRT","4101",0,0
"LIJN","04:30","05:29","00:59",20101,0,0,0," ",0,"PRT","4101",0,0
"LIJN","05:29","05:44","00:15",30300,0,0,0," ",0,"PRT","4101",0,0
"LIJN","05:44","05:54","00:10",30301,0,0,0," ",0,"PRT","4101",0,0
"LIJN","05:54","06:29","00:35",20101,0,0,0," ",0,"PRT","4101",0,0
"LIJN","06:29","06:31","00:02",30300,0,0,0," ",0,"PRT","4101",0,0
"LIJN","06:31","07:21","00:50",20101,0,0,0," ",0,"PRT","4101",0,0
"LIJN","07:21","07:36","00:15",30300,0,0,0," ",0,"PRT","4101",0,0
"LIJN","07:36","07:41","00:05",30301,0,0,0," ",0,"PRT","4101",0,0
"LIJN","07:41","08:32","00:51",20101,0,0,0," ",0,"PRT","4101",0,0
